num.gene,km.pvalue,core.gene
1 gene,0.0111728658684831,RP11-483E7.1
1 gene,0.2562450464084,NLRX1
1 gene,0.0626977811885699,DSG1
1 gene,0.516995423705324,RP11-203J24.8
1 gene,0.623543201061854,CTB-32O4.2
1 gene,0.699781789597911,RP11-46H11.12
1 gene,0.984025001768244,NAV2
1 gene,0.993292645027604,AC131097.4
1 gene,0.22328993817724,GS1-115G20.1
1 gene,0.894188055317872,AK5
2 genes,0.0482580605639255,RP11-483E7.1 | NLRX1
2 genes,0.0479883851917714,RP11-483E7.1 | DSG1
2 genes,0.230245659677537,RP11-483E7.1 | RP11-203J24.8
2 genes,0.034255515743878,RP11-483E7.1 | CTB-32O4.2
2 genes,0.282256403527214,RP11-483E7.1 | RP11-46H11.12
2 genes,0.554563689361004,RP11-483E7.1 | NAV2
2 genes,0.172434581481896,RP11-483E7.1 | AC131097.4
2 genes,0.158327796519569,RP11-483E7.1 | GS1-115G20.1
2 genes,0.53906220869738,RP11-483E7.1 | AK5
2 genes,0.319213952194788,NLRX1 | DSG1
2 genes,0.535004064452238,NLRX1 | RP11-203J24.8
2 genes,0.181276715241804,NLRX1 | CTB-32O4.2
2 genes,0.3536527794172,NLRX1 | RP11-46H11.12
2 genes,0.236947493397774,NLRX1 | NAV2
2 genes,0.0451284110820842,NLRX1 | AC131097.4
2 genes,0.0233178109273778,NLRX1 | GS1-115G20.1
2 genes,0.119292384749653,NLRX1 | AK5
2 genes,0.989155236746553,DSG1 | RP11-203J24.8
2 genes,0.00454981467883364,DSG1 | CTB-32O4.2
2 genes,0.0992584741530379,DSG1 | RP11-46H11.12
2 genes,0.306538300228842,DSG1 | NAV2
2 genes,0.0212156758764663,DSG1 | AC131097.4
2 genes,0.0683073165009053,DSG1 | GS1-115G20.1
2 genes,0.182615768936331,DSG1 | AK5
2 genes,0.244539732952426,RP11-203J24.8 | CTB-32O4.2
2 genes,0.0724872827346467,RP11-203J24.8 | RP11-46H11.12
2 genes,0.330040656253728,RP11-203J24.8 | NAV2
2 genes,0.0928703700824878,RP11-203J24.8 | AC131097.4
2 genes,0.447115078608426,RP11-203J24.8 | GS1-115G20.1
2 genes,0.318997349862597,RP11-203J24.8 | AK5
2 genes,0.199246343041208,CTB-32O4.2 | RP11-46H11.12
2 genes,0.0454131858649105,CTB-32O4.2 | NAV2
2 genes,0.137756104374305,CTB-32O4.2 | AC131097.4
2 genes,0.0433445752587149,CTB-32O4.2 | GS1-115G20.1
2 genes,0.0267626203373468,CTB-32O4.2 | AK5
2 genes,0.358312592785467,RP11-46H11.12 | NAV2
2 genes,0.215238178708083,RP11-46H11.12 | AC131097.4
2 genes,0.0930235001199958,RP11-46H11.12 | GS1-115G20.1
2 genes,0.104725574955227,RP11-46H11.12 | AK5
2 genes,0.40765796858299,NAV2 | AC131097.4
2 genes,0.669640057104468,NAV2 | GS1-115G20.1
2 genes,0.491877644700812,NAV2 | AK5
2 genes,0.179452361310964,AC131097.4 | GS1-115G20.1
2 genes,0.875806462838729,AC131097.4 | AK5
2 genes,0.215851083766666,GS1-115G20.1 | AK5
3 genes,0.0262936137650523,RP11-483E7.1 | NLRX1 | DSG1
3 genes,0.0908257309915117,RP11-483E7.1 | NLRX1 | RP11-203J24.8
3 genes,0.0314654255028267,RP11-483E7.1 | NLRX1 | CTB-32O4.2
3 genes,0.180225093482771,RP11-483E7.1 | NLRX1 | RP11-46H11.12
3 genes,0.244050209895872,RP11-483E7.1 | NLRX1 | NAV2
3 genes,0.027363003119461,RP11-483E7.1 | NLRX1 | AC131097.4
3 genes,0.11760213827653,RP11-483E7.1 | NLRX1 | GS1-115G20.1
3 genes,0.0301607085373294,RP11-483E7.1 | NLRX1 | AK5
3 genes,0.31931618678591,RP11-483E7.1 | DSG1 | RP11-203J24.8
3 genes,0.00486835779224015,RP11-483E7.1 | DSG1 | CTB-32O4.2
3 genes,0.0703196415019677,RP11-483E7.1 | DSG1 | RP11-46H11.12
3 genes,0.13989297623223,RP11-483E7.1 | DSG1 | NAV2
3 genes,0.015609479472482,RP11-483E7.1 | DSG1 | AC131097.4
3 genes,0.084569047298681,RP11-483E7.1 | DSG1 | GS1-115G20.1
3 genes,0.202583396788795,RP11-483E7.1 | DSG1 | AK5
3 genes,0.00708112865850052,RP11-483E7.1 | RP11-203J24.8 | CTB-32O4.2
3 genes,0.00929862486242561,RP11-483E7.1 | RP11-203J24.8 | RP11-46H11.12
3 genes,0.0607400256278864,RP11-483E7.1 | RP11-203J24.8 | NAV2
3 genes,0.022433133135526,RP11-483E7.1 | RP11-203J24.8 | AC131097.4
3 genes,0.298269040324299,RP11-483E7.1 | RP11-203J24.8 | GS1-115G20.1
3 genes,0.18794671972702,RP11-483E7.1 | RP11-203J24.8 | AK5
3 genes,0.010961028565867,RP11-483E7.1 | CTB-32O4.2 | RP11-46H11.12
3 genes,0.00117470624315574,RP11-483E7.1 | CTB-32O4.2 | NAV2
3 genes,0.00668446893847285,RP11-483E7.1 | CTB-32O4.2 | AC131097.4
3 genes,0.00365684510933995,RP11-483E7.1 | CTB-32O4.2 | GS1-115G20.1
3 genes,0.000138647971191452,RP11-483E7.1 | CTB-32O4.2 | AK5
3 genes,0.21319030729802,RP11-483E7.1 | RP11-46H11.12 | NAV2
3 genes,0.0975131952915621,RP11-483E7.1 | RP11-46H11.12 | AC131097.4
3 genes,0.103950383251634,RP11-483E7.1 | RP11-46H11.12 | GS1-115G20.1
3 genes,0.17284470037254,RP11-483E7.1 | RP11-46H11.12 | AK5
3 genes,0.165912291317546,RP11-483E7.1 | NAV2 | AC131097.4
3 genes,0.205956160830889,RP11-483E7.1 | NAV2 | GS1-115G20.1
3 genes,0.44836828321791,RP11-483E7.1 | NAV2 | AK5
3 genes,0.106583405831173,RP11-483E7.1 | AC131097.4 | GS1-115G20.1
3 genes,0.492960976148391,RP11-483E7.1 | AC131097.4 | AK5
3 genes,0.096452255015079,RP11-483E7.1 | GS1-115G20.1 | AK5
3 genes,0.678114515061077,NLRX1 | DSG1 | RP11-203J24.8
3 genes,0.10942436037233,NLRX1 | DSG1 | CTB-32O4.2
3 genes,0.358378562277424,NLRX1 | DSG1 | RP11-46H11.12
3 genes,0.313054296663918,NLRX1 | DSG1 | NAV2
3 genes,0.00399140607518589,NLRX1 | DSG1 | AC131097.4
3 genes,0.0265075634500922,NLRX1 | DSG1 | GS1-115G20.1
3 genes,0.156938024590561,NLRX1 | DSG1 | AK5
3 genes,0.133567310633837,NLRX1 | RP11-203J24.8 | CTB-32O4.2
3 genes,0.0238467322585074,NLRX1 | RP11-203J24.8 | RP11-46H11.12
3 genes,0.129692738832157,NLRX1 | RP11-203J24.8 | NAV2
3 genes,0.013167025732322,NLRX1 | RP11-203J24.8 | AC131097.4
3 genes,0.276291724402043,NLRX1 | RP11-203J24.8 | GS1-115G20.1
3 genes,0.115075855560786,NLRX1 | RP11-203J24.8 | AK5
3 genes,0.0674978348132735,NLRX1 | CTB-32O4.2 | RP11-46H11.12
3 genes,0.00111880128283759,NLRX1 | CTB-32O4.2 | NAV2
3 genes,0.0189692348406234,NLRX1 | CTB-32O4.2 | AC131097.4
3 genes,0.0836196247069986,NLRX1 | CTB-32O4.2 | GS1-115G20.1
3 genes,0.00141942216520208,NLRX1 | CTB-32O4.2 | AK5
3 genes,0.111660870578121,NLRX1 | RP11-46H11.12 | NAV2
3 genes,0.0383818792610074,NLRX1 | RP11-46H11.12 | AC131097.4
3 genes,0.0630495784723216,NLRX1 | RP11-46H11.12 | GS1-115G20.1
3 genes,0.0211752177361433,NLRX1 | RP11-46H11.12 | AK5
3 genes,0.0898105057231608,NLRX1 | NAV2 | AC131097.4
3 genes,0.0425018989394671,NLRX1 | NAV2 | GS1-115G20.1
3 genes,0.105855469481042,NLRX1 | NAV2 | AK5
3 genes,0.019992625955298,NLRX1 | AC131097.4 | GS1-115G20.1
3 genes,0.0856731866026375,NLRX1 | AC131097.4 | AK5
3 genes,0.0635618677960518,NLRX1 | GS1-115G20.1 | AK5
3 genes,0.189090238501108,DSG1 | RP11-203J24.8 | CTB-32O4.2
3 genes,0.0691991316162638,DSG1 | RP11-203J24.8 | RP11-46H11.12
3 genes,0.206649168796753,DSG1 | RP11-203J24.8 | NAV2
3 genes,0.241494569132607,DSG1 | RP11-203J24.8 | AC131097.4
3 genes,0.43665611657795,DSG1 | RP11-203J24.8 | GS1-115G20.1
3 genes,0.36542240543714,DSG1 | RP11-203J24.8 | AK5
3 genes,0.00375294239089896,DSG1 | CTB-32O4.2 | RP11-46H11.12
3 genes,0.0180542418678128,DSG1 | CTB-32O4.2 | NAV2
3 genes,0.0576574356000773,DSG1 | CTB-32O4.2 | AC131097.4
3 genes,0.0381236411836787,DSG1 | CTB-32O4.2 | GS1-115G20.1
3 genes,0.0149114406658378,DSG1 | CTB-32O4.2 | AK5
3 genes,0.194163120294798,DSG1 | RP11-46H11.12 | NAV2
3 genes,0.059680249812002,DSG1 | RP11-46H11.12 | AC131097.4
3 genes,0.107999138048829,DSG1 | RP11-46H11.12 | GS1-115G20.1
3 genes,0.216373383011209,DSG1 | RP11-46H11.12 | AK5
3 genes,0.191224113873432,DSG1 | NAV2 | AC131097.4
3 genes,0.471297929466513,DSG1 | NAV2 | GS1-115G20.1
3 genes,0.326269967577544,DSG1 | NAV2 | AK5
3 genes,0.0504406188379981,DSG1 | AC131097.4 | GS1-115G20.1
3 genes,0.100543121734857,DSG1 | AC131097.4 | AK5
3 genes,0.158509690277204,DSG1 | GS1-115G20.1 | AK5
3 genes,0.0185348497341533,RP11-203J24.8 | CTB-32O4.2 | RP11-46H11.12
3 genes,0.00606971954684488,RP11-203J24.8 | CTB-32O4.2 | NAV2
3 genes,0.0308748226241997,RP11-203J24.8 | CTB-32O4.2 | AC131097.4
3 genes,0.31403029721941,RP11-203J24.8 | CTB-32O4.2 | GS1-115G20.1
3 genes,0.0686936490279518,RP11-203J24.8 | CTB-32O4.2 | AK5
3 genes,0.0650173653825297,RP11-203J24.8 | RP11-46H11.12 | NAV2
3 genes,0.0163534644062855,RP11-203J24.8 | RP11-46H11.12 | AC131097.4
3 genes,0.103596199421152,RP11-203J24.8 | RP11-46H11.12 | GS1-115G20.1
3 genes,0.0628595269843978,RP11-203J24.8 | RP11-46H11.12 | AK5
3 genes,0.276501796447087,RP11-203J24.8 | NAV2 | AC131097.4
3 genes,0.338849839530823,RP11-203J24.8 | NAV2 | GS1-115G20.1
3 genes,0.178509380764617,RP11-203J24.8 | NAV2 | AK5
3 genes,0.156172126595506,RP11-203J24.8 | AC131097.4 | GS1-115G20.1
3 genes,0.144707006868813,RP11-203J24.8 | AC131097.4 | AK5
3 genes,0.311273000614222,RP11-203J24.8 | GS1-115G20.1 | AK5
3 genes,0.00792356953480211,CTB-32O4.2 | RP11-46H11.12 | NAV2
3 genes,0.0564265199805455,CTB-32O4.2 | RP11-46H11.12 | AC131097.4
3 genes,0.017875022398349,CTB-32O4.2 | RP11-46H11.12 | GS1-115G20.1
3 genes,0.0147939384010304,CTB-32O4.2 | RP11-46H11.12 | AK5
3 genes,0.00880014297943654,CTB-32O4.2 | NAV2 | AC131097.4
3 genes,0.00251667711437487,CTB-32O4.2 | NAV2 | GS1-115G20.1
3 genes,0.00926957890976166,CTB-32O4.2 | NAV2 | AK5
3 genes,0.289626187317081,CTB-32O4.2 | AC131097.4 | GS1-115G20.1
3 genes,0.0182976949027738,CTB-32O4.2 | AC131097.4 | AK5
3 genes,0.0107655815121125,CTB-32O4.2 | GS1-115G20.1 | AK5
3 genes,0.0420442503563078,RP11-46H11.12 | NAV2 | AC131097.4
3 genes,0.0731561344356949,RP11-46H11.12 | NAV2 | GS1-115G20.1
3 genes,0.48757701903973,RP11-46H11.12 | NAV2 | AK5
3 genes,0.130020938768768,RP11-46H11.12 | AC131097.4 | GS1-115G20.1
3 genes,0.0676614380302412,RP11-46H11.12 | AC131097.4 | AK5
3 genes,0.0337747513500369,RP11-46H11.12 | GS1-115G20.1 | AK5
3 genes,0.259164869738381,NAV2 | AC131097.4 | GS1-115G20.1
3 genes,0.499657046294242,NAV2 | AC131097.4 | AK5
3 genes,0.520774152025321,NAV2 | GS1-115G20.1 | AK5
3 genes,0.248782423207197,AC131097.4 | GS1-115G20.1 | AK5
4 genes,0.247476653018096,RP11-483E7.1 | NLRX1 | DSG1 | RP11-203J24.8
4 genes,0.00454576934306772,RP11-483E7.1 | NLRX1 | DSG1 | CTB-32O4.2
4 genes,0.128714150567768,RP11-483E7.1 | NLRX1 | DSG1 | RP11-46H11.12
4 genes,0.279533871173983,RP11-483E7.1 | NLRX1 | DSG1 | NAV2
4 genes,0.00646197045632579,RP11-483E7.1 | NLRX1 | DSG1 | AC131097.4
4 genes,0.0436552854545688,RP11-483E7.1 | NLRX1 | DSG1 | GS1-115G20.1
4 genes,0.0633794587489216,RP11-483E7.1 | NLRX1 | DSG1 | AK5
4 genes,0.00290998624820338,RP11-483E7.1 | NLRX1 | RP11-203J24.8 | CTB-32O4.2
4 genes,0.131681972679863,RP11-483E7.1 | NLRX1 | RP11-203J24.8 | RP11-46H11.12
4 genes,0.0352906062090579,RP11-483E7.1 | NLRX1 | RP11-203J24.8 | NAV2
4 genes,0.0464425550444784,RP11-483E7.1 | NLRX1 | RP11-203J24.8 | AC131097.4
4 genes,0.0271338006485605,RP11-483E7.1 | NLRX1 | RP11-203J24.8 | GS1-115G20.1
4 genes,0.0465753937678967,RP11-483E7.1 | NLRX1 | RP11-203J24.8 | AK5
4 genes,0.043731512256693,RP11-483E7.1 | NLRX1 | CTB-32O4.2 | RP11-46H11.12
4 genes,0.00118463832199156,RP11-483E7.1 | NLRX1 | CTB-32O4.2 | NAV2
4 genes,0.00233647078821664,RP11-483E7.1 | NLRX1 | CTB-32O4.2 | AC131097.4
4 genes,0.00734572679580903,RP11-483E7.1 | NLRX1 | CTB-32O4.2 | GS1-115G20.1
4 genes,0.000244464635388741,RP11-483E7.1 | NLRX1 | CTB-32O4.2 | AK5
4 genes,0.0544410358615318,RP11-483E7.1 | NLRX1 | RP11-46H11.12 | NAV2
4 genes,0.13516924443249,RP11-483E7.1 | NLRX1 | RP11-46H11.12 | AC131097.4
4 genes,0.274623194970217,RP11-483E7.1 | NLRX1 | RP11-46H11.12 | GS1-115G20.1
4 genes,0.0178367560654994,RP11-483E7.1 | NLRX1 | RP11-46H11.12 | AK5
4 genes,0.131362925802217,RP11-483E7.1 | NLRX1 | NAV2 | AC131097.4
4 genes,0.218404920815446,RP11-483E7.1 | NLRX1 | NAV2 | GS1-115G20.1
4 genes,0.211923880135718,RP11-483E7.1 | NLRX1 | NAV2 | AK5
4 genes,0.0170785292438729,RP11-483E7.1 | NLRX1 | AC131097.4 | GS1-115G20.1
4 genes,0.0543307091020583,RP11-483E7.1 | NLRX1 | AC131097.4 | AK5
4 genes,0.0719636343472436,RP11-483E7.1 | NLRX1 | GS1-115G20.1 | AK5
4 genes,0.00655895631452019,RP11-483E7.1 | DSG1 | RP11-203J24.8 | CTB-32O4.2
4 genes,0.0247653835231367,RP11-483E7.1 | DSG1 | RP11-203J24.8 | RP11-46H11.12
4 genes,0.131774088037381,RP11-483E7.1 | DSG1 | RP11-203J24.8 | NAV2
4 genes,0.0928014439864471,RP11-483E7.1 | DSG1 | RP11-203J24.8 | AC131097.4
4 genes,0.0612658646756064,RP11-483E7.1 | DSG1 | RP11-203J24.8 | GS1-115G20.1
4 genes,0.149160275380742,RP11-483E7.1 | DSG1 | RP11-203J24.8 | AK5
4 genes,0.00826221154636719,RP11-483E7.1 | DSG1 | CTB-32O4.2 | RP11-46H11.12
4 genes,0.000858589385274056,RP11-483E7.1 | DSG1 | CTB-32O4.2 | NAV2
4 genes,0.000527516783829562,RP11-483E7.1 | DSG1 | CTB-32O4.2 | AC131097.4
4 genes,0.012868624436329,RP11-483E7.1 | DSG1 | CTB-32O4.2 | GS1-115G20.1
4 genes,0.00197952630391107,RP11-483E7.1 | DSG1 | CTB-32O4.2 | AK5
4 genes,0.0083755451537193,RP11-483E7.1 | DSG1 | RP11-46H11.12 | NAV2
4 genes,0.00540918327498596,RP11-483E7.1 | DSG1 | RP11-46H11.12 | AC131097.4
4 genes,0.0354889413002355,RP11-483E7.1 | DSG1 | RP11-46H11.12 | GS1-115G20.1
4 genes,0.0302127882533511,RP11-483E7.1 | DSG1 | RP11-46H11.12 | AK5
4 genes,0.0514999978636441,RP11-483E7.1 | DSG1 | NAV2 | AC131097.4
4 genes,0.131336796945262,RP11-483E7.1 | DSG1 | NAV2 | GS1-115G20.1
4 genes,0.128788354175002,RP11-483E7.1 | DSG1 | NAV2 | AK5
4 genes,0.0241227749149273,RP11-483E7.1 | DSG1 | AC131097.4 | GS1-115G20.1
4 genes,0.108352685420812,RP11-483E7.1 | DSG1 | AC131097.4 | AK5
4 genes,0.0952575684607091,RP11-483E7.1 | DSG1 | GS1-115G20.1 | AK5
4 genes,0.000904915204873236,RP11-483E7.1 | RP11-203J24.8 | CTB-32O4.2 | RP11-46H11.12
4 genes,0.000302963507001541,RP11-483E7.1 | RP11-203J24.8 | CTB-32O4.2 | NAV2
4 genes,0.00856694546682291,RP11-483E7.1 | RP11-203J24.8 | CTB-32O4.2 | AC131097.4
4 genes,0.00823285895134218,RP11-483E7.1 | RP11-203J24.8 | CTB-32O4.2 | GS1-115G20.1
4 genes,0.000847817535936768,RP11-483E7.1 | RP11-203J24.8 | CTB-32O4.2 | AK5
4 genes,0.00482401454918246,RP11-483E7.1 | RP11-203J24.8 | RP11-46H11.12 | NAV2
4 genes,0.00158268624556046,RP11-483E7.1 | RP11-203J24.8 | RP11-46H11.12 | AC131097.4
4 genes,0.00846943470625172,RP11-483E7.1 | RP11-203J24.8 | RP11-46H11.12 | GS1-115G20.1
4 genes,0.043733533707274,RP11-483E7.1 | RP11-203J24.8 | RP11-46H11.12 | AK5
4 genes,0.0927765880464835,RP11-483E7.1 | RP11-203J24.8 | NAV2 | AC131097.4
4 genes,0.265583241499089,RP11-483E7.1 | RP11-203J24.8 | NAV2 | GS1-115G20.1
4 genes,0.0396078930098863,RP11-483E7.1 | RP11-203J24.8 | NAV2 | AK5
4 genes,0.0316561191576809,RP11-483E7.1 | RP11-203J24.8 | AC131097.4 | GS1-115G20.1
4 genes,0.202468441675152,RP11-483E7.1 | RP11-203J24.8 | AC131097.4 | AK5
4 genes,0.0671302247967829,RP11-483E7.1 | RP11-203J24.8 | GS1-115G20.1 | AK5
4 genes,0.00573149428827635,RP11-483E7.1 | CTB-32O4.2 | RP11-46H11.12 | NAV2
4 genes,0.00765765969255749,RP11-483E7.1 | CTB-32O4.2 | RP11-46H11.12 | AC131097.4
4 genes,0.00853533059464584,RP11-483E7.1 | CTB-32O4.2 | RP11-46H11.12 | GS1-115G20.1
4 genes,0.00081784123460471,RP11-483E7.1 | CTB-32O4.2 | RP11-46H11.12 | AK5
4 genes,8.90907373830574e-05,RP11-483E7.1 | CTB-32O4.2 | NAV2 | AC131097.4
4 genes,0.000905241534233658,RP11-483E7.1 | CTB-32O4.2 | NAV2 | GS1-115G20.1
4 genes,0.000475510960411873,RP11-483E7.1 | CTB-32O4.2 | NAV2 | AK5
4 genes,0.0160883366663593,RP11-483E7.1 | CTB-32O4.2 | AC131097.4 | GS1-115G20.1
4 genes,0.00012351174508185,RP11-483E7.1 | CTB-32O4.2 | AC131097.4 | AK5
4 genes,0.000316463229723896,RP11-483E7.1 | CTB-32O4.2 | GS1-115G20.1 | AK5
4 genes,0.00363667784478472,RP11-483E7.1 | RP11-46H11.12 | NAV2 | AC131097.4
4 genes,0.110653485817814,RP11-483E7.1 | RP11-46H11.12 | NAV2 | GS1-115G20.1
4 genes,0.283953303930316,RP11-483E7.1 | RP11-46H11.12 | NAV2 | AK5
4 genes,0.0252845273047261,RP11-483E7.1 | RP11-46H11.12 | AC131097.4 | GS1-115G20.1
4 genes,0.0177147852640823,RP11-483E7.1 | RP11-46H11.12 | AC131097.4 | AK5
4 genes,0.0235400980822498,RP11-483E7.1 | RP11-46H11.12 | GS1-115G20.1 | AK5
4 genes,0.130443906788935,RP11-483E7.1 | NAV2 | AC131097.4 | GS1-115G20.1
4 genes,0.0845333328896491,RP11-483E7.1 | NAV2 | AC131097.4 | AK5
4 genes,0.215682357855488,RP11-483E7.1 | NAV2 | GS1-115G20.1 | AK5
4 genes,0.103631359324844,RP11-483E7.1 | AC131097.4 | GS1-115G20.1 | AK5
4 genes,0.0601857253371815,NLRX1 | DSG1 | RP11-203J24.8 | CTB-32O4.2
4 genes,0.131709824778212,NLRX1 | DSG1 | RP11-203J24.8 | RP11-46H11.12
4 genes,0.604145463922456,NLRX1 | DSG1 | RP11-203J24.8 | NAV2
4 genes,0.0431340847333239,NLRX1 | DSG1 | RP11-203J24.8 | AC131097.4
4 genes,0.511522080010699,NLRX1 | DSG1 | RP11-203J24.8 | GS1-115G20.1
4 genes,0.246472221320647,NLRX1 | DSG1 | RP11-203J24.8 | AK5
4 genes,0.0322267393600696,NLRX1 | DSG1 | CTB-32O4.2 | RP11-46H11.12
4 genes,0.00326617118750194,NLRX1 | DSG1 | CTB-32O4.2 | NAV2
4 genes,0.00113871660130194,NLRX1 | DSG1 | CTB-32O4.2 | AC131097.4
4 genes,0.0287281444114773,NLRX1 | DSG1 | CTB-32O4.2 | GS1-115G20.1
4 genes,0.0243887214638421,NLRX1 | DSG1 | CTB-32O4.2 | AK5
4 genes,0.335163161763051,NLRX1 | DSG1 | RP11-46H11.12 | NAV2
4 genes,0.0291053167558553,NLRX1 | DSG1 | RP11-46H11.12 | AC131097.4
4 genes,0.00837981994004255,NLRX1 | DSG1 | RP11-46H11.12 | GS1-115G20.1
4 genes,0.0203457862052706,NLRX1 | DSG1 | RP11-46H11.12 | AK5
4 genes,0.0349329225064726,NLRX1 | DSG1 | NAV2 | AC131097.4
4 genes,0.130220620720429,NLRX1 | DSG1 | NAV2 | GS1-115G20.1
4 genes,0.140193297742637,NLRX1 | DSG1 | NAV2 | AK5
4 genes,0.017893746793315,NLRX1 | DSG1 | AC131097.4 | GS1-115G20.1
4 genes,0.014569700711961,NLRX1 | DSG1 | AC131097.4 | AK5
4 genes,0.182564771049305,NLRX1 | DSG1 | GS1-115G20.1 | AK5
4 genes,0.0256734866707189,NLRX1 | RP11-203J24.8 | CTB-32O4.2 | RP11-46H11.12
4 genes,0.00544723949031423,NLRX1 | RP11-203J24.8 | CTB-32O4.2 | NAV2
4 genes,0.00060245575186435,NLRX1 | RP11-203J24.8 | CTB-32O4.2 | AC131097.4
4 genes,0.0868884271277577,NLRX1 | RP11-203J24.8 | CTB-32O4.2 | GS1-115G20.1
4 genes,0.00122729175756753,NLRX1 | RP11-203J24.8 | CTB-32O4.2 | AK5
4 genes,0.00796178910845569,NLRX1 | RP11-203J24.8 | RP11-46H11.12 | NAV2
4 genes,0.00522979736917584,NLRX1 | RP11-203J24.8 | RP11-46H11.12 | AC131097.4
4 genes,0.107691809396748,NLRX1 | RP11-203J24.8 | RP11-46H11.12 | GS1-115G20.1
4 genes,0.0164853424845416,NLRX1 | RP11-203J24.8 | RP11-46H11.12 | AK5
4 genes,0.00559811869866444,NLRX1 | RP11-203J24.8 | NAV2 | AC131097.4
4 genes,0.0366241692005305,NLRX1 | RP11-203J24.8 | NAV2 | GS1-115G20.1
4 genes,0.198587822368868,NLRX1 | RP11-203J24.8 | NAV2 | AK5
4 genes,0.024628918256982,NLRX1 | RP11-203J24.8 | AC131097.4 | GS1-115G20.1
4 genes,0.0569773724536133,NLRX1 | RP11-203J24.8 | AC131097.4 | AK5
4 genes,0.0524042677656726,NLRX1 | RP11-203J24.8 | GS1-115G20.1 | AK5
4 genes,0.00887677737155401,NLRX1 | CTB-32O4.2 | RP11-46H11.12 | NAV2
4 genes,0.0312682079530416,NLRX1 | CTB-32O4.2 | RP11-46H11.12 | AC131097.4
4 genes,0.07348149083234,NLRX1 | CTB-32O4.2 | RP11-46H11.12 | GS1-115G20.1
4 genes,0.000241435052414141,NLRX1 | CTB-32O4.2 | RP11-46H11.12 | AK5
4 genes,0.000766753953304278,NLRX1 | CTB-32O4.2 | NAV2 | AC131097.4
4 genes,0.00135682498617973,NLRX1 | CTB-32O4.2 | NAV2 | GS1-115G20.1
4 genes,0.000848757400460087,NLRX1 | CTB-32O4.2 | NAV2 | AK5
4 genes,0.00680505687272792,NLRX1 | CTB-32O4.2 | AC131097.4 | GS1-115G20.1
4 genes,0.000154695124143123,NLRX1 | CTB-32O4.2 | AC131097.4 | AK5
4 genes,0.00154123808767681,NLRX1 | CTB-32O4.2 | GS1-115G20.1 | AK5
4 genes,0.00250940660296939,NLRX1 | RP11-46H11.12 | NAV2 | AC131097.4
4 genes,0.0113855221651152,NLRX1 | RP11-46H11.12 | NAV2 | GS1-115G20.1
4 genes,0.00992913432178644,NLRX1 | RP11-46H11.12 | NAV2 | AK5
4 genes,0.141297415343693,NLRX1 | RP11-46H11.12 | AC131097.4 | GS1-115G20.1
4 genes,0.0194901766808482,NLRX1 | RP11-46H11.12 | AC131097.4 | AK5
4 genes,0.0357219096198185,NLRX1 | RP11-46H11.12 | GS1-115G20.1 | AK5
4 genes,0.0108058043399694,NLRX1 | NAV2 | AC131097.4 | GS1-115G20.1
4 genes,0.0400560432874142,NLRX1 | NAV2 | AC131097.4 | AK5
4 genes,0.0303236587185279,NLRX1 | NAV2 | GS1-115G20.1 | AK5
4 genes,0.0363600936340894,NLRX1 | AC131097.4 | GS1-115G20.1 | AK5
4 genes,0.0261730651124386,DSG1 | RP11-203J24.8 | CTB-32O4.2 | RP11-46H11.12
4 genes,0.0111416568407534,DSG1 | RP11-203J24.8 | CTB-32O4.2 | NAV2
4 genes,0.0240807384789596,DSG1 | RP11-203J24.8 | CTB-32O4.2 | AC131097.4
4 genes,0.262649386665091,DSG1 | RP11-203J24.8 | CTB-32O4.2 | GS1-115G20.1
4 genes,0.00884679248536269,DSG1 | RP11-203J24.8 | CTB-32O4.2 | AK5
4 genes,0.0468975260413327,DSG1 | RP11-203J24.8 | RP11-46H11.12 | NAV2
4 genes,0.0121000801144313,DSG1 | RP11-203J24.8 | RP11-46H11.12 | AC131097.4
4 genes,0.0660110858251477,DSG1 | RP11-203J24.8 | RP11-46H11.12 | GS1-115G20.1
4 genes,0.253387161569574,DSG1 | RP11-203J24.8 | RP11-46H11.12 | AK5
4 genes,0.16811693636416,DSG1 | RP11-203J24.8 | NAV2 | AC131097.4
4 genes,0.458751825953902,DSG1 | RP11-203J24.8 | NAV2 | GS1-115G20.1
4 genes,0.566319197600928,DSG1 | RP11-203J24.8 | NAV2 | AK5
4 genes,0.208203028616223,DSG1 | RP11-203J24.8 | AC131097.4 | GS1-115G20.1
4 genes,0.102529096662942,DSG1 | RP11-203J24.8 | AC131097.4 | AK5
4 genes,0.0781311634717667,DSG1 | RP11-203J24.8 | GS1-115G20.1 | AK5
4 genes,0.0135108868056668,DSG1 | CTB-32O4.2 | RP11-46H11.12 | NAV2
4 genes,0.0805226703098437,DSG1 | CTB-32O4.2 | RP11-46H11.12 | AC131097.4
4 genes,0.00960443881103479,DSG1 | CTB-32O4.2 | RP11-46H11.12 | GS1-115G20.1
4 genes,0.0035935469655185,DSG1 | CTB-32O4.2 | RP11-46H11.12 | AK5
4 genes,0.00870717248546493,DSG1 | CTB-32O4.2 | NAV2 | AC131097.4
4 genes,0.00676879093328031,DSG1 | CTB-32O4.2 | NAV2 | GS1-115G20.1
4 genes,0.00648813334584519,DSG1 | CTB-32O4.2 | NAV2 | AK5
4 genes,0.00470405026227438,DSG1 | CTB-32O4.2 | AC131097.4 | GS1-115G20.1
4 genes,0.00052591525698098,DSG1 | CTB-32O4.2 | AC131097.4 | AK5
4 genes,0.0182632628235327,DSG1 | CTB-32O4.2 | GS1-115G20.1 | AK5
4 genes,0.0126568618060527,DSG1 | RP11-46H11.12 | NAV2 | AC131097.4
4 genes,0.0577341071099646,DSG1 | RP11-46H11.12 | NAV2 | GS1-115G20.1
4 genes,0.0990013599628866,DSG1 | RP11-46H11.12 | NAV2 | AK5
4 genes,0.00844537832284753,DSG1 | RP11-46H11.12 | AC131097.4 | GS1-115G20.1
4 genes,0.0128716942031017,DSG1 | RP11-46H11.12 | AC131097.4 | AK5
4 genes,0.00284865212842778,DSG1 | RP11-46H11.12 | GS1-115G20.1 | AK5
4 genes,0.128853429600362,DSG1 | NAV2 | AC131097.4 | GS1-115G20.1
4 genes,0.0504832173646239,DSG1 | NAV2 | AC131097.4 | AK5
4 genes,0.0970701113979981,DSG1 | NAV2 | GS1-115G20.1 | AK5
4 genes,0.0484406863513559,DSG1 | AC131097.4 | GS1-115G20.1 | AK5
4 genes,0.0225733340837061,RP11-203J24.8 | CTB-32O4.2 | RP11-46H11.12 | NAV2
4 genes,0.00347782385292628,RP11-203J24.8 | CTB-32O4.2 | RP11-46H11.12 | AC131097.4
4 genes,0.00687884426773555,RP11-203J24.8 | CTB-32O4.2 | RP11-46H11.12 | GS1-115G20.1
4 genes,0.0149753621911934,RP11-203J24.8 | CTB-32O4.2 | RP11-46H11.12 | AK5
4 genes,0.000642686910614865,RP11-203J24.8 | CTB-32O4.2 | NAV2 | AC131097.4
4 genes,0.00585572592038008,RP11-203J24.8 | CTB-32O4.2 | NAV2 | GS1-115G20.1
4 genes,0.00301791508249316,RP11-203J24.8 | CTB-32O4.2 | NAV2 | AK5
4 genes,0.0308748226241997,RP11-203J24.8 | CTB-32O4.2 | AC131097.4 | GS1-115G20.1
4 genes,0.00410617871518792,RP11-203J24.8 | CTB-32O4.2 | AC131097.4 | AK5
4 genes,0.0534170012618943,RP11-203J24.8 | CTB-32O4.2 | GS1-115G20.1 | AK5
4 genes,0.0148941624891846,RP11-203J24.8 | RP11-46H11.12 | NAV2 | AC131097.4
4 genes,0.0844982947532136,RP11-203J24.8 | RP11-46H11.12 | NAV2 | GS1-115G20.1
4 genes,0.0494363387012076,RP11-203J24.8 | RP11-46H11.12 | NAV2 | AK5
4 genes,0.0104425564874743,RP11-203J24.8 | RP11-46H11.12 | AC131097.4 | GS1-115G20.1
4 genes,0.012768499776628,RP11-203J24.8 | RP11-46H11.12 | AC131097.4 | AK5
4 genes,0.133436171269094,RP11-203J24.8 | RP11-46H11.12 | GS1-115G20.1 | AK5
4 genes,0.102024212105669,RP11-203J24.8 | NAV2 | AC131097.4 | GS1-115G20.1
4 genes,0.197721319281712,RP11-203J24.8 | NAV2 | AC131097.4 | AK5
4 genes,0.511358698018582,RP11-203J24.8 | NAV2 | GS1-115G20.1 | AK5
4 genes,0.138136617911643,RP11-203J24.8 | AC131097.4 | GS1-115G20.1 | AK5
4 genes,0.00982596668336466,CTB-32O4.2 | RP11-46H11.12 | NAV2 | AC131097.4
4 genes,0.0025376857502557,CTB-32O4.2 | RP11-46H11.12 | NAV2 | GS1-115G20.1
4 genes,0.00665175086141245,CTB-32O4.2 | RP11-46H11.12 | NAV2 | AK5
4 genes,0.132245282107591,CTB-32O4.2 | RP11-46H11.12 | AC131097.4 | GS1-115G20.1
4 genes,0.0137192817683484,CTB-32O4.2 | RP11-46H11.12 | AC131097.4 | AK5
4 genes,0.012015084282517,CTB-32O4.2 | RP11-46H11.12 | GS1-115G20.1 | AK5
4 genes,0.0289596129642951,CTB-32O4.2 | NAV2 | AC131097.4 | GS1-115G20.1
4 genes,0.00525727481110494,CTB-32O4.2 | NAV2 | AC131097.4 | AK5
4 genes,0.0133934332979021,CTB-32O4.2 | NAV2 | GS1-115G20.1 | AK5
4 genes,0.0267972448877111,CTB-32O4.2 | AC131097.4 | GS1-115G20.1 | AK5
4 genes,0.0664912423860559,RP11-46H11.12 | NAV2 | AC131097.4 | GS1-115G20.1
4 genes,0.0225838362815689,RP11-46H11.12 | NAV2 | AC131097.4 | AK5
4 genes,0.123611066938806,RP11-46H11.12 | NAV2 | GS1-115G20.1 | AK5
4 genes,0.117189256956888,RP11-46H11.12 | AC131097.4 | GS1-115G20.1 | AK5
4 genes,0.289770428412928,NAV2 | AC131097.4 | GS1-115G20.1 | AK5
5 genes,0.00261760042737869,RP11-483E7.1 | NLRX1 | DSG1 | RP11-203J24.8 | CTB-32O4.2
5 genes,0.115320429907364,RP11-483E7.1 | NLRX1 | DSG1 | RP11-203J24.8 | RP11-46H11.12
5 genes,0.285352701057246,RP11-483E7.1 | NLRX1 | DSG1 | RP11-203J24.8 | NAV2
5 genes,0.0781601342491126,RP11-483E7.1 | NLRX1 | DSG1 | RP11-203J24.8 | AC131097.4
5 genes,0.0958314886172672,RP11-483E7.1 | NLRX1 | DSG1 | RP11-203J24.8 | GS1-115G20.1
5 genes,0.189514435498049,RP11-483E7.1 | NLRX1 | DSG1 | RP11-203J24.8 | AK5
5 genes,0.0167800552923791,RP11-483E7.1 | NLRX1 | DSG1 | CTB-32O4.2 | RP11-46H11.12
5 genes,0.0037642420258619,RP11-483E7.1 | NLRX1 | DSG1 | CTB-32O4.2 | NAV2
5 genes,0.000978980382773886,RP11-483E7.1 | NLRX1 | DSG1 | CTB-32O4.2 | AC131097.4
5 genes,0.00546189095273975,RP11-483E7.1 | NLRX1 | DSG1 | CTB-32O4.2 | GS1-115G20.1
5 genes,0.011970903240379,RP11-483E7.1 | NLRX1 | DSG1 | CTB-32O4.2 | AK5
5 genes,0.0582655204114068,RP11-483E7.1 | NLRX1 | DSG1 | RP11-46H11.12 | NAV2
5 genes,0.000728059798538294,RP11-483E7.1 | NLRX1 | DSG1 | RP11-46H11.12 | AC131097.4
5 genes,0.0340982064371108,RP11-483E7.1 | NLRX1 | DSG1 | RP11-46H11.12 | GS1-115G20.1
5 genes,0.0412154635724145,RP11-483E7.1 | NLRX1 | DSG1 | RP11-46H11.12 | AK5
5 genes,0.013745633675918,RP11-483E7.1 | NLRX1 | DSG1 | NAV2 | AC131097.4
5 genes,0.242280956904323,RP11-483E7.1 | NLRX1 | DSG1 | NAV2 | GS1-115G20.1
5 genes,0.203045684233544,RP11-483E7.1 | NLRX1 | DSG1 | NAV2 | AK5
5 genes,0.0196042971411258,RP11-483E7.1 | NLRX1 | DSG1 | AC131097.4 | GS1-115G20.1
5 genes,0.00460172306809281,RP11-483E7.1 | NLRX1 | DSG1 | AC131097.4 | AK5
5 genes,0.238531239407441,RP11-483E7.1 | NLRX1 | DSG1 | GS1-115G20.1 | AK5
5 genes,0.00746019438611312,RP11-483E7.1 | NLRX1 | RP11-203J24.8 | CTB-32O4.2 | RP11-46H11.12
5 genes,0.00111096096886265,RP11-483E7.1 | NLRX1 | RP11-203J24.8 | CTB-32O4.2 | NAV2
5 genes,0.000714000605496978,RP11-483E7.1 | NLRX1 | RP11-203J24.8 | CTB-32O4.2 | AC131097.4
5 genes,0.00114187795842957,RP11-483E7.1 | NLRX1 | RP11-203J24.8 | CTB-32O4.2 | GS1-115G20.1
5 genes,0.000219967095625107,RP11-483E7.1 | NLRX1 | RP11-203J24.8 | CTB-32O4.2 | AK5
5 genes,0.00782372757759175,RP11-483E7.1 | NLRX1 | RP11-203J24.8 | RP11-46H11.12 | NAV2
5 genes,0.00456663283956904,RP11-483E7.1 | NLRX1 | RP11-203J24.8 | RP11-46H11.12 | AC131097.4
5 genes,0.106301175694985,RP11-483E7.1 | NLRX1 | RP11-203J24.8 | RP11-46H11.12 | GS1-115G20.1
5 genes,0.0161425134873713,RP11-483E7.1 | NLRX1 | RP11-203J24.8 | RP11-46H11.12 | AK5
5 genes,0.0213848387507722,RP11-483E7.1 | NLRX1 | RP11-203J24.8 | NAV2 | AC131097.4
5 genes,0.0173386635933759,RP11-483E7.1 | NLRX1 | RP11-203J24.8 | NAV2 | GS1-115G20.1
5 genes,0.0470183267022229,RP11-483E7.1 | NLRX1 | RP11-203J24.8 | NAV2 | AK5
5 genes,0.0151239634157043,RP11-483E7.1 | NLRX1 | RP11-203J24.8 | AC131097.4 | GS1-115G20.1
5 genes,0.0601052627802795,RP11-483E7.1 | NLRX1 | RP11-203J24.8 | AC131097.4 | AK5
5 genes,0.10772051208641,RP11-483E7.1 | NLRX1 | RP11-203J24.8 | GS1-115G20.1 | AK5
5 genes,0.00545206823643818,RP11-483E7.1 | NLRX1 | CTB-32O4.2 | RP11-46H11.12 | NAV2
5 genes,0.00592167227139917,RP11-483E7.1 | NLRX1 | CTB-32O4.2 | RP11-46H11.12 | AC131097.4
5 genes,0.0115928076225885,RP11-483E7.1 | NLRX1 | CTB-32O4.2 | RP11-46H11.12 | GS1-115G20.1
5 genes,6.17260736314185e-05,RP11-483E7.1 | NLRX1 | CTB-32O4.2 | RP11-46H11.12 | AK5
5 genes,0.000264721972540904,RP11-483E7.1 | NLRX1 | CTB-32O4.2 | NAV2 | AC131097.4
5 genes,0.000955121075236542,RP11-483E7.1 | NLRX1 | CTB-32O4.2 | NAV2 | GS1-115G20.1
5 genes,0.00121754629904613,RP11-483E7.1 | NLRX1 | CTB-32O4.2 | NAV2 | AK5
5 genes,0.00200607120966612,RP11-483E7.1 | NLRX1 | CTB-32O4.2 | AC131097.4 | GS1-115G20.1
5 genes,5.08077796952389e-05,RP11-483E7.1 | NLRX1 | CTB-32O4.2 | AC131097.4 | AK5
5 genes,0.000282082578867304,RP11-483E7.1 | NLRX1 | CTB-32O4.2 | GS1-115G20.1 | AK5
5 genes,0.0066629246101565,RP11-483E7.1 | NLRX1 | RP11-46H11.12 | NAV2 | AC131097.4
5 genes,0.0797075869130103,RP11-483E7.1 | NLRX1 | RP11-46H11.12 | NAV2 | GS1-115G20.1
5 genes,0.158599356834491,RP11-483E7.1 | NLRX1 | RP11-46H11.12 | NAV2 | AK5
5 genes,0.0453716955587526,RP11-483E7.1 | NLRX1 | RP11-46H11.12 | AC131097.4 | GS1-115G20.1
5 genes,0.0126159506322043,RP11-483E7.1 | NLRX1 | RP11-46H11.12 | AC131097.4 | AK5
5 genes,0.0840520599167812,RP11-483E7.1 | NLRX1 | RP11-46H11.12 | GS1-115G20.1 | AK5
5 genes,0.0396489339248437,RP11-483E7.1 | NLRX1 | NAV2 | AC131097.4 | GS1-115G20.1
5 genes,0.160781847547648,RP11-483E7.1 | NLRX1 | NAV2 | AC131097.4 | AK5
5 genes,0.069715582397345,RP11-483E7.1 | NLRX1 | NAV2 | GS1-115G20.1 | AK5
5 genes,0.119385505382781,RP11-483E7.1 | NLRX1 | AC131097.4 | GS1-115G20.1 | AK5
5 genes,0.00561533063084718,RP11-483E7.1 | DSG1 | RP11-203J24.8 | CTB-32O4.2 | RP11-46H11.12
5 genes,0.00711624041685666,RP11-483E7.1 | DSG1 | RP11-203J24.8 | CTB-32O4.2 | NAV2
5 genes,0.00145555807886821,RP11-483E7.1 | DSG1 | RP11-203J24.8 | CTB-32O4.2 | AC131097.4
5 genes,0.00416998091352827,RP11-483E7.1 | DSG1 | RP11-203J24.8 | CTB-32O4.2 | GS1-115G20.1
5 genes,0.00014646817183428,RP11-483E7.1 | DSG1 | RP11-203J24.8 | CTB-32O4.2 | AK5
5 genes,0.00984223388666461,RP11-483E7.1 | DSG1 | RP11-203J24.8 | RP11-46H11.12 | NAV2
5 genes,0.0295938417152435,RP11-483E7.1 | DSG1 | RP11-203J24.8 | RP11-46H11.12 | AC131097.4
5 genes,0.0657320758592628,RP11-483E7.1 | DSG1 | RP11-203J24.8 | RP11-46H11.12 | GS1-115G20.1
5 genes,0.0515247108468498,RP11-483E7.1 | DSG1 | RP11-203J24.8 | RP11-46H11.12 | AK5
5 genes,0.11325573441179,RP11-483E7.1 | DSG1 | RP11-203J24.8 | NAV2 | AC131097.4
5 genes,0.174752354349334,RP11-483E7.1 | DSG1 | RP11-203J24.8 | NAV2 | GS1-115G20.1
5 genes,0.261084224245671,RP11-483E7.1 | DSG1 | RP11-203J24.8 | NAV2 | AK5
5 genes,0.0158514575320476,RP11-483E7.1 | DSG1 | RP11-203J24.8 | AC131097.4 | GS1-115G20.1
5 genes,0.143205665411463,RP11-483E7.1 | DSG1 | RP11-203J24.8 | AC131097.4 | AK5
5 genes,0.0582465915185286,RP11-483E7.1 | DSG1 | RP11-203J24.8 | GS1-115G20.1 | AK5
5 genes,0.00102608369269508,RP11-483E7.1 | DSG1 | CTB-32O4.2 | RP11-46H11.12 | NAV2
5 genes,0.00625809398314747,RP11-483E7.1 | DSG1 | CTB-32O4.2 | RP11-46H11.12 | AC131097.4
5 genes,0.00737167226630353,RP11-483E7.1 | DSG1 | CTB-32O4.2 | RP11-46H11.12 | GS1-115G20.1
5 genes,0.000423043553524738,RP11-483E7.1 | DSG1 | CTB-32O4.2 | RP11-46H11.12 | AK5
5 genes,0.000161395599957981,RP11-483E7.1 | DSG1 | CTB-32O4.2 | NAV2 | AC131097.4
5 genes,0.0015491561072315,RP11-483E7.1 | DSG1 | CTB-32O4.2 | NAV2 | GS1-115G20.1
5 genes,0.00171170064480808,RP11-483E7.1 | DSG1 | CTB-32O4.2 | NAV2 | AK5
5 genes,0.00507819165094059,RP11-483E7.1 | DSG1 | CTB-32O4.2 | AC131097.4 | GS1-115G20.1
5 genes,0.00161915213188735,RP11-483E7.1 | DSG1 | CTB-32O4.2 | AC131097.4 | AK5
5 genes,0.00608963181595423,RP11-483E7.1 | DSG1 | CTB-32O4.2 | GS1-115G20.1 | AK5
5 genes,0.0112361886847986,RP11-483E7.1 | DSG1 | RP11-46H11.12 | NAV2 | AC131097.4
5 genes,0.0127180118546669,RP11-483E7.1 | DSG1 | RP11-46H11.12 | NAV2 | GS1-115G20.1
5 genes,0.0446375694809795,RP11-483E7.1 | DSG1 | RP11-46H11.12 | NAV2 | AK5
5 genes,0.0085148852815754,RP11-483E7.1 | DSG1 | RP11-46H11.12 | AC131097.4 | GS1-115G20.1
5 genes,0.0578035472365059,RP11-483E7.1 | DSG1 | RP11-46H11.12 | AC131097.4 | AK5
5 genes,0.0135918759215421,RP11-483E7.1 | DSG1 | RP11-46H11.12 | GS1-115G20.1 | AK5
5 genes,0.0498943441411495,RP11-483E7.1 | DSG1 | NAV2 | AC131097.4 | GS1-115G20.1
5 genes,0.0458275642322089,RP11-483E7.1 | DSG1 | NAV2 | AC131097.4 | AK5
5 genes,0.0413624205100075,RP11-483E7.1 | DSG1 | NAV2 | GS1-115G20.1 | AK5
5 genes,0.0332419179021789,RP11-483E7.1 | DSG1 | AC131097.4 | GS1-115G20.1 | AK5
5 genes,0.000925962963750915,RP11-483E7.1 | RP11-203J24.8 | CTB-32O4.2 | RP11-46H11.12 | NAV2
5 genes,0.001087897403241,RP11-483E7.1 | RP11-203J24.8 | CTB-32O4.2 | RP11-46H11.12 | AC131097.4
5 genes,0.00664928049291114,RP11-483E7.1 | RP11-203J24.8 | CTB-32O4.2 | RP11-46H11.12 | GS1-115G20.1
5 genes,0.000846335948807231,RP11-483E7.1 | RP11-203J24.8 | CTB-32O4.2 | RP11-46H11.12 | AK5
5 genes,0.000324097626277609,RP11-483E7.1 | RP11-203J24.8 | CTB-32O4.2 | NAV2 | AC131097.4
5 genes,0.000216779588144145,RP11-483E7.1 | RP11-203J24.8 | CTB-32O4.2 | NAV2 | GS1-115G20.1
5 genes,0.000224533803453886,RP11-483E7.1 | RP11-203J24.8 | CTB-32O4.2 | NAV2 | AK5
5 genes,0.00856694546682291,RP11-483E7.1 | RP11-203J24.8 | CTB-32O4.2 | AC131097.4 | GS1-115G20.1
5 genes,0.00146010833950494,RP11-483E7.1 | RP11-203J24.8 | CTB-32O4.2 | AC131097.4 | AK5
5 genes,0.000847817535936768,RP11-483E7.1 | RP11-203J24.8 | CTB-32O4.2 | GS1-115G20.1 | AK5
5 genes,0.00073844757754471,RP11-483E7.1 | RP11-203J24.8 | RP11-46H11.12 | NAV2 | AC131097.4
5 genes,0.00394157079678759,RP11-483E7.1 | RP11-203J24.8 | RP11-46H11.12 | NAV2 | GS1-115G20.1
5 genes,0.0119957673874767,RP11-483E7.1 | RP11-203J24.8 | RP11-46H11.12 | NAV2 | AK5
5 genes,0.0059536111225833,RP11-483E7.1 | RP11-203J24.8 | RP11-46H11.12 | AC131097.4 | GS1-115G20.1
5 genes,0.143871003167587,RP11-483E7.1 | RP11-203J24.8 | RP11-46H11.12 | AC131097.4 | AK5
5 genes,0.0267104209714092,RP11-483E7.1 | RP11-203J24.8 | RP11-46H11.12 | GS1-115G20.1 | AK5
5 genes,0.272321398347287,RP11-483E7.1 | RP11-203J24.8 | NAV2 | AC131097.4 | GS1-115G20.1
5 genes,0.14627618716509,RP11-483E7.1 | RP11-203J24.8 | NAV2 | AC131097.4 | AK5
5 genes,0.337890238006915,RP11-483E7.1 | RP11-203J24.8 | NAV2 | GS1-115G20.1 | AK5
5 genes,0.112049685052524,RP11-483E7.1 | RP11-203J24.8 | AC131097.4 | GS1-115G20.1 | AK5
5 genes,0.00108567479046506,RP11-483E7.1 | CTB-32O4.2 | RP11-46H11.12 | NAV2 | AC131097.4
5 genes,0.00368898776028603,RP11-483E7.1 | CTB-32O4.2 | RP11-46H11.12 | NAV2 | GS1-115G20.1
5 genes,0.000162384058910336,RP11-483E7.1 | CTB-32O4.2 | RP11-46H11.12 | NAV2 | AK5
5 genes,0.0405044844374423,RP11-483E7.1 | CTB-32O4.2 | RP11-46H11.12 | AC131097.4 | GS1-115G20.1
5 genes,0.00172260902001919,RP11-483E7.1 | CTB-32O4.2 | RP11-46H11.12 | AC131097.4 | AK5
5 genes,0.00151651095521388,RP11-483E7.1 | CTB-32O4.2 | RP11-46H11.12 | GS1-115G20.1 | AK5
5 genes,9.77555846245481e-05,RP11-483E7.1 | CTB-32O4.2 | NAV2 | AC131097.4 | GS1-115G20.1
5 genes,4.86892212687717e-05,RP11-483E7.1 | CTB-32O4.2 | NAV2 | AC131097.4 | AK5
5 genes,0.000471976043775468,RP11-483E7.1 | CTB-32O4.2 | NAV2 | GS1-115G20.1 | AK5
5 genes,0.00236115470707632,RP11-483E7.1 | CTB-32O4.2 | AC131097.4 | GS1-115G20.1 | AK5
5 genes,0.0101084515789899,RP11-483E7.1 | RP11-46H11.12 | NAV2 | AC131097.4 | GS1-115G20.1
5 genes,0.0193662165143583,RP11-483E7.1 | RP11-46H11.12 | NAV2 | AC131097.4 | AK5
5 genes,0.0310036368450595,RP11-483E7.1 | RP11-46H11.12 | NAV2 | GS1-115G20.1 | AK5
5 genes,0.00299507554670519,RP11-483E7.1 | RP11-46H11.12 | AC131097.4 | GS1-115G20.1 | AK5
5 genes,0.0611939208979184,RP11-483E7.1 | NAV2 | AC131097.4 | GS1-115G20.1 | AK5
5 genes,0.0766135291128335,NLRX1 | DSG1 | RP11-203J24.8 | CTB-32O4.2 | RP11-46H11.12
5 genes,0.00268042546954339,NLRX1 | DSG1 | RP11-203J24.8 | CTB-32O4.2 | NAV2
5 genes,0.00401754332042448,NLRX1 | DSG1 | RP11-203J24.8 | CTB-32O4.2 | AC131097.4
5 genes,0.0407790505720327,NLRX1 | DSG1 | RP11-203J24.8 | CTB-32O4.2 | GS1-115G20.1
5 genes,0.00746802052554563,NLRX1 | DSG1 | RP11-203J24.8 | CTB-32O4.2 | AK5
5 genes,0.0892242015825115,NLRX1 | DSG1 | RP11-203J24.8 | RP11-46H11.12 | NAV2
5 genes,0.0470427188897686,NLRX1 | DSG1 | RP11-203J24.8 | RP11-46H11.12 | AC131097.4
5 genes,0.102813360524229,NLRX1 | DSG1 | RP11-203J24.8 | RP11-46H11.12 | GS1-115G20.1
5 genes,0.0606466355497529,NLRX1 | DSG1 | RP11-203J24.8 | RP11-46H11.12 | AK5
5 genes,0.0278806708628265,NLRX1 | DSG1 | RP11-203J24.8 | NAV2 | AC131097.4
5 genes,0.129414229107629,NLRX1 | DSG1 | RP11-203J24.8 | NAV2 | GS1-115G20.1
5 genes,0.310483127122984,NLRX1 | DSG1 | RP11-203J24.8 | NAV2 | AK5
5 genes,0.106470778914172,NLRX1 | DSG1 | RP11-203J24.8 | AC131097.4 | GS1-115G20.1
5 genes,0.0382423290948589,NLRX1 | DSG1 | RP11-203J24.8 | AC131097.4 | AK5
5 genes,0.265670744362658,NLRX1 | DSG1 | RP11-203J24.8 | GS1-115G20.1 | AK5
5 genes,0.00838661304341659,NLRX1 | DSG1 | CTB-32O4.2 | RP11-46H11.12 | NAV2
5 genes,0.00255686550308654,NLRX1 | DSG1 | CTB-32O4.2 | RP11-46H11.12 | AC131097.4
5 genes,0.0369449726082848,NLRX1 | DSG1 | CTB-32O4.2 | RP11-46H11.12 | GS1-115G20.1
5 genes,0.00236010608318671,NLRX1 | DSG1 | CTB-32O4.2 | RP11-46H11.12 | AK5
5 genes,0.00165532152815717,NLRX1 | DSG1 | CTB-32O4.2 | NAV2 | AC131097.4
5 genes,0.00319938461253544,NLRX1 | DSG1 | CTB-32O4.2 | NAV2 | GS1-115G20.1
5 genes,0.0118214923449945,NLRX1 | DSG1 | CTB-32O4.2 | NAV2 | AK5
5 genes,0.0014960167888638,NLRX1 | DSG1 | CTB-32O4.2 | AC131097.4 | GS1-115G20.1
5 genes,0.00426897382740021,NLRX1 | DSG1 | CTB-32O4.2 | AC131097.4 | AK5
5 genes,0.0111584816601761,NLRX1 | DSG1 | CTB-32O4.2 | GS1-115G20.1 | AK5
5 genes,0.00437187950158924,NLRX1 | DSG1 | RP11-46H11.12 | NAV2 | AC131097.4
5 genes,0.0105380943994404,NLRX1 | DSG1 | RP11-46H11.12 | NAV2 | GS1-115G20.1
5 genes,0.0425609771248507,NLRX1 | DSG1 | RP11-46H11.12 | NAV2 | AK5
5 genes,0.0263394059190348,NLRX1 | DSG1 | RP11-46H11.12 | AC131097.4 | GS1-115G20.1
5 genes,0.00595560735501544,NLRX1 | DSG1 | RP11-46H11.12 | AC131097.4 | AK5
5 genes,0.0280870090717386,NLRX1 | DSG1 | RP11-46H11.12 | GS1-115G20.1 | AK5
5 genes,0.0131320145223955,NLRX1 | DSG1 | NAV2 | AC131097.4 | GS1-115G20.1
5 genes,0.0114646571773073,NLRX1 | DSG1 | NAV2 | AC131097.4 | AK5
5 genes,0.0336956174974139,NLRX1 | DSG1 | NAV2 | GS1-115G20.1 | AK5
5 genes,0.0204254769367631,NLRX1 | DSG1 | AC131097.4 | GS1-115G20.1 | AK5
5 genes,0.0140888001739568,NLRX1 | RP11-203J24.8 | CTB-32O4.2 | RP11-46H11.12 | NAV2
5 genes,0.0161022786278889,NLRX1 | RP11-203J24.8 | CTB-32O4.2 | RP11-46H11.12 | AC131097.4
5 genes,0.0742271376191264,NLRX1 | RP11-203J24.8 | CTB-32O4.2 | RP11-46H11.12 | GS1-115G20.1
5 genes,0.00132217085280661,NLRX1 | RP11-203J24.8 | CTB-32O4.2 | RP11-46H11.12 | AK5
5 genes,0.00190298962489011,NLRX1 | RP11-203J24.8 | CTB-32O4.2 | NAV2 | AC131097.4
5 genes,0.00131126798223002,NLRX1 | RP11-203J24.8 | CTB-32O4.2 | NAV2 | GS1-115G20.1
5 genes,0.00201617603903181,NLRX1 | RP11-203J24.8 | CTB-32O4.2 | NAV2 | AK5
5 genes,0.000507488502438203,NLRX1 | RP11-203J24.8 | CTB-32O4.2 | AC131097.4 | GS1-115G20.1
5 genes,0.00103626330622186,NLRX1 | RP11-203J24.8 | CTB-32O4.2 | AC131097.4 | AK5
5 genes,0.00381559645379703,NLRX1 | RP11-203J24.8 | CTB-32O4.2 | GS1-115G20.1 | AK5
5 genes,0.00359608471942441,NLRX1 | RP11-203J24.8 | RP11-46H11.12 | NAV2 | AC131097.4
5 genes,0.0819022546839874,NLRX1 | RP11-203J24.8 | RP11-46H11.12 | NAV2 | GS1-115G20.1
5 genes,0.0035218938687851,NLRX1 | RP11-203J24.8 | RP11-46H11.12 | NAV2 | AK5
5 genes,0.018413782824266,NLRX1 | RP11-203J24.8 | RP11-46H11.12 | AC131097.4 | GS1-115G20.1
5 genes,0.00456945742227532,NLRX1 | RP11-203J24.8 | RP11-46H11.12 | AC131097.4 | AK5
5 genes,0.00537145670375927,NLRX1 | RP11-203J24.8 | RP11-46H11.12 | GS1-115G20.1 | AK5
5 genes,0.00125421810675574,NLRX1 | RP11-203J24.8 | NAV2 | AC131097.4 | GS1-115G20.1
5 genes,0.00307973211935075,NLRX1 | RP11-203J24.8 | NAV2 | AC131097.4 | AK5
5 genes,0.0199474326304249,NLRX1 | RP11-203J24.8 | NAV2 | GS1-115G20.1 | AK5
5 genes,0.051340907302207,NLRX1 | RP11-203J24.8 | AC131097.4 | GS1-115G20.1 | AK5
5 genes,0.000259133851357785,NLRX1 | CTB-32O4.2 | RP11-46H11.12 | NAV2 | AC131097.4
5 genes,0.00681931809746794,NLRX1 | CTB-32O4.2 | RP11-46H11.12 | NAV2 | GS1-115G20.1
5 genes,0.000381296494179284,NLRX1 | CTB-32O4.2 | RP11-46H11.12 | NAV2 | AK5
5 genes,0.0161569205490251,NLRX1 | CTB-32O4.2 | RP11-46H11.12 | AC131097.4 | GS1-115G20.1
5 genes,5.21024993237473e-05,NLRX1 | CTB-32O4.2 | RP11-46H11.12 | AC131097.4 | AK5
5 genes,0.000592394078354541,NLRX1 | CTB-32O4.2 | RP11-46H11.12 | GS1-115G20.1 | AK5
5 genes,0.000359922511796729,NLRX1 | CTB-32O4.2 | NAV2 | AC131097.4 | GS1-115G20.1
5 genes,0.000463655035525923,NLRX1 | CTB-32O4.2 | NAV2 | AC131097.4 | AK5
5 genes,0.0029018575397729,NLRX1 | CTB-32O4.2 | NAV2 | GS1-115G20.1 | AK5
5 genes,0.000605387755342024,NLRX1 | CTB-32O4.2 | AC131097.4 | GS1-115G20.1 | AK5
5 genes,0.000900943386058395,NLRX1 | RP11-46H11.12 | NAV2 | AC131097.4 | GS1-115G20.1
5 genes,0.00851435918171406,NLRX1 | RP11-46H11.12 | NAV2 | AC131097.4 | AK5
5 genes,0.00564828220569868,NLRX1 | RP11-46H11.12 | NAV2 | GS1-115G20.1 | AK5
5 genes,0.0319173639161642,NLRX1 | RP11-46H11.12 | AC131097.4 | GS1-115G20.1 | AK5
5 genes,0.0141483416256659,NLRX1 | NAV2 | AC131097.4 | GS1-115G20.1 | AK5
5 genes,0.0248027677835256,DSG1 | RP11-203J24.8 | CTB-32O4.2 | RP11-46H11.12 | NAV2
5 genes,0.00327962242845514,DSG1 | RP11-203J24.8 | CTB-32O4.2 | RP11-46H11.12 | AC131097.4
5 genes,0.0461668202455154,DSG1 | RP11-203J24.8 | CTB-32O4.2 | RP11-46H11.12 | GS1-115G20.1
5 genes,0.00273354659233815,DSG1 | RP11-203J24.8 | CTB-32O4.2 | RP11-46H11.12 | AK5
5 genes,0.00116677803940357,DSG1 | RP11-203J24.8 | CTB-32O4.2 | NAV2 | AC131097.4
5 genes,0.00945840015125854,DSG1 | RP11-203J24.8 | CTB-32O4.2 | NAV2 | GS1-115G20.1
5 genes,0.00400824626100393,DSG1 | RP11-203J24.8 | CTB-32O4.2 | NAV2 | AK5
5 genes,0.0197707020284863,DSG1 | RP11-203J24.8 | CTB-32O4.2 | AC131097.4 | GS1-115G20.1
5 genes,0.00205336905096787,DSG1 | RP11-203J24.8 | CTB-32O4.2 | AC131097.4 | AK5
5 genes,0.00872207150948601,DSG1 | RP11-203J24.8 | CTB-32O4.2 | GS1-115G20.1 | AK5
5 genes,0.0147335379192884,DSG1 | RP11-203J24.8 | RP11-46H11.12 | NAV2 | AC131097.4
5 genes,0.0577045008801067,DSG1 | RP11-203J24.8 | RP11-46H11.12 | NAV2 | GS1-115G20.1
5 genes,0.0798594493080741,DSG1 | RP11-203J24.8 | RP11-46H11.12 | NAV2 | AK5
5 genes,0.0131462612832952,DSG1 | RP11-203J24.8 | RP11-46H11.12 | AC131097.4 | GS1-115G20.1
5 genes,0.0759445366990128,DSG1 | RP11-203J24.8 | RP11-46H11.12 | AC131097.4 | AK5
5 genes,0.176905515996654,DSG1 | RP11-203J24.8 | RP11-46H11.12 | GS1-115G20.1 | AK5
5 genes,0.555926292155545,DSG1 | RP11-203J24.8 | NAV2 | AC131097.4 | GS1-115G20.1
5 genes,0.202127942590834,DSG1 | RP11-203J24.8 | NAV2 | AC131097.4 | AK5
5 genes,0.401141161404876,DSG1 | RP11-203J24.8 | NAV2 | GS1-115G20.1 | AK5
5 genes,0.0309488689818315,DSG1 | RP11-203J24.8 | AC131097.4 | GS1-115G20.1 | AK5
5 genes,0.00177646912130713,DSG1 | CTB-32O4.2 | RP11-46H11.12 | NAV2 | AC131097.4
5 genes,0.00566448579553347,DSG1 | CTB-32O4.2 | RP11-46H11.12 | NAV2 | GS1-115G20.1
5 genes,0.0038398790664419,DSG1 | CTB-32O4.2 | RP11-46H11.12 | NAV2 | AK5
5 genes,0.0112973989763624,DSG1 | CTB-32O4.2 | RP11-46H11.12 | AC131097.4 | GS1-115G20.1
5 genes,0.00285444831782677,DSG1 | CTB-32O4.2 | RP11-46H11.12 | AC131097.4 | AK5
5 genes,0.0216418502744223,DSG1 | CTB-32O4.2 | RP11-46H11.12 | GS1-115G20.1 | AK5
5 genes,0.0431988934078316,DSG1 | CTB-32O4.2 | NAV2 | AC131097.4 | GS1-115G20.1
5 genes,0.00134748630131454,DSG1 | CTB-32O4.2 | NAV2 | AC131097.4 | AK5
5 genes,0.00847838614985141,DSG1 | CTB-32O4.2 | NAV2 | GS1-115G20.1 | AK5
5 genes,0.00305729473801741,DSG1 | CTB-32O4.2 | AC131097.4 | GS1-115G20.1 | AK5
5 genes,0.00768030036698697,DSG1 | RP11-46H11.12 | NAV2 | AC131097.4 | GS1-115G20.1
5 genes,0.0119021682285047,DSG1 | RP11-46H11.12 | NAV2 | AC131097.4 | AK5
5 genes,0.0147426178305172,DSG1 | RP11-46H11.12 | NAV2 | GS1-115G20.1 | AK5
5 genes,0.00209519195755681,DSG1 | RP11-46H11.12 | AC131097.4 | GS1-115G20.1 | AK5
5 genes,0.0351678743214248,DSG1 | NAV2 | AC131097.4 | GS1-115G20.1 | AK5
5 genes,0.000223238456916741,RP11-203J24.8 | CTB-32O4.2 | RP11-46H11.12 | NAV2 | AC131097.4
5 genes,0.0225733340837061,RP11-203J24.8 | CTB-32O4.2 | RP11-46H11.12 | NAV2 | GS1-115G20.1
5 genes,0.00186798290410306,RP11-203J24.8 | CTB-32O4.2 | RP11-46H11.12 | NAV2 | AK5
5 genes,0.00436349284053994,RP11-203J24.8 | CTB-32O4.2 | RP11-46H11.12 | AC131097.4 | GS1-115G20.1
5 genes,0.00293498710707352,RP11-203J24.8 | CTB-32O4.2 | RP11-46H11.12 | AC131097.4 | AK5
5 genes,0.0117899900075282,RP11-203J24.8 | CTB-32O4.2 | RP11-46H11.12 | GS1-115G20.1 | AK5
5 genes,0.00059532302680021,RP11-203J24.8 | CTB-32O4.2 | NAV2 | AC131097.4 | GS1-115G20.1
5 genes,0.000403127468672326,RP11-203J24.8 | CTB-32O4.2 | NAV2 | AC131097.4 | AK5
5 genes,0.00379712994301662,RP11-203J24.8 | CTB-32O4.2 | NAV2 | GS1-115G20.1 | AK5
5 genes,0.00169721322063621,RP11-203J24.8 | CTB-32O4.2 | AC131097.4 | GS1-115G20.1 | AK5
5 genes,0.0205211538429427,RP11-203J24.8 | RP11-46H11.12 | NAV2 | AC131097.4 | GS1-115G20.1
5 genes,0.0143925230951857,RP11-203J24.8 | RP11-46H11.12 | NAV2 | AC131097.4 | AK5
5 genes,0.111818503682314,RP11-203J24.8 | RP11-46H11.12 | NAV2 | GS1-115G20.1 | AK5
5 genes,0.00216836338029425,RP11-203J24.8 | RP11-46H11.12 | AC131097.4 | GS1-115G20.1 | AK5
5 genes,0.16776908387472,RP11-203J24.8 | NAV2 | AC131097.4 | GS1-115G20.1 | AK5
5 genes,0.00196669916801062,CTB-32O4.2 | RP11-46H11.12 | NAV2 | AC131097.4 | GS1-115G20.1
5 genes,0.00121621547009976,CTB-32O4.2 | RP11-46H11.12 | NAV2 | AC131097.4 | AK5
5 genes,0.00357324857490349,CTB-32O4.2 | RP11-46H11.12 | NAV2 | GS1-115G20.1 | AK5
5 genes,0.00395320712642289,CTB-32O4.2 | RP11-46H11.12 | AC131097.4 | GS1-115G20.1 | AK5
5 genes,0.0105768415387786,CTB-32O4.2 | NAV2 | AC131097.4 | GS1-115G20.1 | AK5
5 genes,0.0371328938250887,RP11-46H11.12 | NAV2 | AC131097.4 | GS1-115G20.1 | AK5
6 genes,0.0428687078203041,RP11-483E7.1 | NLRX1 | DSG1 | RP11-203J24.8 | CTB-32O4.2 | RP11-46H11.12
6 genes,0.00115434341946441,RP11-483E7.1 | NLRX1 | DSG1 | RP11-203J24.8 | CTB-32O4.2 | NAV2
6 genes,0.00685739236835681,RP11-483E7.1 | NLRX1 | DSG1 | RP11-203J24.8 | CTB-32O4.2 | AC131097.4
6 genes,0.00141078252138294,RP11-483E7.1 | NLRX1 | DSG1 | RP11-203J24.8 | CTB-32O4.2 | GS1-115G20.1
6 genes,0.00546639444979091,RP11-483E7.1 | NLRX1 | DSG1 | RP11-203J24.8 | CTB-32O4.2 | AK5
6 genes,0.025582344089523,RP11-483E7.1 | NLRX1 | DSG1 | RP11-203J24.8 | RP11-46H11.12 | NAV2
6 genes,0.0499178973861695,RP11-483E7.1 | NLRX1 | DSG1 | RP11-203J24.8 | RP11-46H11.12 | AC131097.4
6 genes,0.182957370551529,RP11-483E7.1 | NLRX1 | DSG1 | RP11-203J24.8 | RP11-46H11.12 | GS1-115G20.1
6 genes,0.0773014832544247,RP11-483E7.1 | NLRX1 | DSG1 | RP11-203J24.8 | RP11-46H11.12 | AK5
6 genes,0.0179276089013601,RP11-483E7.1 | NLRX1 | DSG1 | RP11-203J24.8 | NAV2 | AC131097.4
6 genes,0.0660599521742324,RP11-483E7.1 | NLRX1 | DSG1 | RP11-203J24.8 | NAV2 | GS1-115G20.1
6 genes,0.0875875311720636,RP11-483E7.1 | NLRX1 | DSG1 | RP11-203J24.8 | NAV2 | AK5
6 genes,0.0891799731333488,RP11-483E7.1 | NLRX1 | DSG1 | RP11-203J24.8 | AC131097.4 | GS1-115G20.1
6 genes,0.0143862075671782,RP11-483E7.1 | NLRX1 | DSG1 | RP11-203J24.8 | AC131097.4 | AK5
6 genes,0.352265759705434,RP11-483E7.1 | NLRX1 | DSG1 | RP11-203J24.8 | GS1-115G20.1 | AK5
6 genes,0.00199471440386922,RP11-483E7.1 | NLRX1 | DSG1 | CTB-32O4.2 | RP11-46H11.12 | NAV2
6 genes,0.00257256014836726,RP11-483E7.1 | NLRX1 | DSG1 | CTB-32O4.2 | RP11-46H11.12 | AC131097.4
6 genes,0.0209481111851948,RP11-483E7.1 | NLRX1 | DSG1 | CTB-32O4.2 | RP11-46H11.12 | GS1-115G20.1
6 genes,0.00305160505403113,RP11-483E7.1 | NLRX1 | DSG1 | CTB-32O4.2 | RP11-46H11.12 | AK5
6 genes,0.000362401026746006,RP11-483E7.1 | NLRX1 | DSG1 | CTB-32O4.2 | NAV2 | AC131097.4
6 genes,0.00362751760148361,RP11-483E7.1 | NLRX1 | DSG1 | CTB-32O4.2 | NAV2 | GS1-115G20.1
6 genes,0.00184539701171216,RP11-483E7.1 | NLRX1 | DSG1 | CTB-32O4.2 | NAV2 | AK5
6 genes,0.00437251456874366,RP11-483E7.1 | NLRX1 | DSG1 | CTB-32O4.2 | AC131097.4 | GS1-115G20.1
6 genes,0.0033088488789268,RP11-483E7.1 | NLRX1 | DSG1 | CTB-32O4.2 | AC131097.4 | AK5
6 genes,0.001535663915466,RP11-483E7.1 | NLRX1 | DSG1 | CTB-32O4.2 | GS1-115G20.1 | AK5
6 genes,0.00615575457765682,RP11-483E7.1 | NLRX1 | DSG1 | RP11-46H11.12 | NAV2 | AC131097.4
6 genes,0.0287009819439306,RP11-483E7.1 | NLRX1 | DSG1 | RP11-46H11.12 | NAV2 | GS1-115G20.1
6 genes,0.0412154635724145,RP11-483E7.1 | NLRX1 | DSG1 | RP11-46H11.12 | NAV2 | AK5
6 genes,0.00488746684794505,RP11-483E7.1 | NLRX1 | DSG1 | RP11-46H11.12 | AC131097.4 | GS1-115G20.1
6 genes,0.0181124165891809,RP11-483E7.1 | NLRX1 | DSG1 | RP11-46H11.12 | AC131097.4 | AK5
6 genes,0.0376550592691246,RP11-483E7.1 | NLRX1 | DSG1 | RP11-46H11.12 | GS1-115G20.1 | AK5
6 genes,0.0143962876571119,RP11-483E7.1 | NLRX1 | DSG1 | NAV2 | AC131097.4 | GS1-115G20.1
6 genes,0.0731382951034462,RP11-483E7.1 | NLRX1 | DSG1 | NAV2 | AC131097.4 | AK5
6 genes,0.116472577973283,RP11-483E7.1 | NLRX1 | DSG1 | NAV2 | GS1-115G20.1 | AK5
6 genes,0.0491078171962067,RP11-483E7.1 | NLRX1 | DSG1 | AC131097.4 | GS1-115G20.1 | AK5
6 genes,0.000714963514443667,RP11-483E7.1 | NLRX1 | RP11-203J24.8 | CTB-32O4.2 | RP11-46H11.12 | NAV2
6 genes,0.00747334484916085,RP11-483E7.1 | NLRX1 | RP11-203J24.8 | CTB-32O4.2 | RP11-46H11.12 | AC131097.4
6 genes,0.0134788379030698,RP11-483E7.1 | NLRX1 | RP11-203J24.8 | CTB-32O4.2 | RP11-46H11.12 | GS1-115G20.1
6 genes,0.000130849257491072,RP11-483E7.1 | NLRX1 | RP11-203J24.8 | CTB-32O4.2 | RP11-46H11.12 | AK5
6 genes,0.0008041625436358,RP11-483E7.1 | NLRX1 | RP11-203J24.8 | CTB-32O4.2 | NAV2 | AC131097.4
6 genes,0.000948417197794482,RP11-483E7.1 | NLRX1 | RP11-203J24.8 | CTB-32O4.2 | NAV2 | GS1-115G20.1
6 genes,0.00121110062616814,RP11-483E7.1 | NLRX1 | RP11-203J24.8 | CTB-32O4.2 | NAV2 | AK5
6 genes,0.000905648401212544,RP11-483E7.1 | NLRX1 | RP11-203J24.8 | CTB-32O4.2 | AC131097.4 | GS1-115G20.1
6 genes,0.000331846987133289,RP11-483E7.1 | NLRX1 | RP11-203J24.8 | CTB-32O4.2 | AC131097.4 | AK5
6 genes,0.000153114165613033,RP11-483E7.1 | NLRX1 | RP11-203J24.8 | CTB-32O4.2 | GS1-115G20.1 | AK5
6 genes,0.0258819961747291,RP11-483E7.1 | NLRX1 | RP11-203J24.8 | RP11-46H11.12 | NAV2 | AC131097.4
6 genes,0.00769497627517657,RP11-483E7.1 | NLRX1 | RP11-203J24.8 | RP11-46H11.12 | NAV2 | GS1-115G20.1
6 genes,0.0244555966713725,RP11-483E7.1 | NLRX1 | RP11-203J24.8 | RP11-46H11.12 | NAV2 | AK5
6 genes,0.00556301773188939,RP11-483E7.1 | NLRX1 | RP11-203J24.8 | RP11-46H11.12 | AC131097.4 | GS1-115G20.1
6 genes,0.0272023891881755,RP11-483E7.1 | NLRX1 | RP11-203J24.8 | RP11-46H11.12 | AC131097.4 | AK5
6 genes,0.122278764192664,RP11-483E7.1 | NLRX1 | RP11-203J24.8 | RP11-46H11.12 | GS1-115G20.1 | AK5
6 genes,0.0793112564525267,RP11-483E7.1 | NLRX1 | RP11-203J24.8 | NAV2 | AC131097.4 | GS1-115G20.1
6 genes,0.0250026370906358,RP11-483E7.1 | NLRX1 | RP11-203J24.8 | NAV2 | AC131097.4 | AK5
6 genes,0.00758550359015253,RP11-483E7.1 | NLRX1 | RP11-203J24.8 | NAV2 | GS1-115G20.1 | AK5
6 genes,0.05288512902467,RP11-483E7.1 | NLRX1 | RP11-203J24.8 | AC131097.4 | GS1-115G20.1 | AK5
6 genes,0.000154584621337439,RP11-483E7.1 | NLRX1 | CTB-32O4.2 | RP11-46H11.12 | NAV2 | AC131097.4
6 genes,0.00175993634243143,RP11-483E7.1 | NLRX1 | CTB-32O4.2 | RP11-46H11.12 | NAV2 | GS1-115G20.1
6 genes,0.000112221165618487,RP11-483E7.1 | NLRX1 | CTB-32O4.2 | RP11-46H11.12 | NAV2 | AK5
6 genes,0.0188948610884737,RP11-483E7.1 | NLRX1 | CTB-32O4.2 | RP11-46H11.12 | AC131097.4 | GS1-115G20.1
6 genes,0.00025332019156854,RP11-483E7.1 | NLRX1 | CTB-32O4.2 | RP11-46H11.12 | AC131097.4 | AK5
6 genes,0.00115816848753614,RP11-483E7.1 | NLRX1 | CTB-32O4.2 | RP11-46H11.12 | GS1-115G20.1 | AK5
6 genes,0.000233710085676186,RP11-483E7.1 | NLRX1 | CTB-32O4.2 | NAV2 | AC131097.4 | GS1-115G20.1
6 genes,0.000168533716196739,RP11-483E7.1 | NLRX1 | CTB-32O4.2 | NAV2 | AC131097.4 | AK5
6 genes,0.00154346906117964,RP11-483E7.1 | NLRX1 | CTB-32O4.2 | NAV2 | GS1-115G20.1 | AK5
6 genes,0.000281643386879082,RP11-483E7.1 | NLRX1 | CTB-32O4.2 | AC131097.4 | GS1-115G20.1 | AK5
6 genes,0.00544133824750459,RP11-483E7.1 | NLRX1 | RP11-46H11.12 | NAV2 | AC131097.4 | GS1-115G20.1
6 genes,0.0135346595835159,RP11-483E7.1 | NLRX1 | RP11-46H11.12 | NAV2 | AC131097.4 | AK5
6 genes,0.102805843438767,RP11-483E7.1 | NLRX1 | RP11-46H11.12 | NAV2 | GS1-115G20.1 | AK5
6 genes,0.0194402555603876,RP11-483E7.1 | NLRX1 | RP11-46H11.12 | AC131097.4 | GS1-115G20.1 | AK5
6 genes,0.154371785064988,RP11-483E7.1 | NLRX1 | NAV2 | AC131097.4 | GS1-115G20.1 | AK5
6 genes,0.00233235020779743,RP11-483E7.1 | DSG1 | RP11-203J24.8 | CTB-32O4.2 | RP11-46H11.12 | NAV2
6 genes,0.00102956951287791,RP11-483E7.1 | DSG1 | RP11-203J24.8 | CTB-32O4.2 | RP11-46H11.12 | AC131097.4
6 genes,0.00615297686717386,RP11-483E7.1 | DSG1 | RP11-203J24.8 | CTB-32O4.2 | RP11-46H11.12 | GS1-115G20.1
6 genes,0.00484013007772155,RP11-483E7.1 | DSG1 | RP11-203J24.8 | CTB-32O4.2 | RP11-46H11.12 | AK5
6 genes,0.00136301767575941,RP11-483E7.1 | DSG1 | RP11-203J24.8 | CTB-32O4.2 | NAV2 | AC131097.4
6 genes,0.00642237233456533,RP11-483E7.1 | DSG1 | RP11-203J24.8 | CTB-32O4.2 | NAV2 | GS1-115G20.1
6 genes,0.000265230215325318,RP11-483E7.1 | DSG1 | RP11-203J24.8 | CTB-32O4.2 | NAV2 | AK5
6 genes,0.00124158040709166,RP11-483E7.1 | DSG1 | RP11-203J24.8 | CTB-32O4.2 | AC131097.4 | GS1-115G20.1
6 genes,0.000135579920200968,RP11-483E7.1 | DSG1 | RP11-203J24.8 | CTB-32O4.2 | AC131097.4 | AK5
6 genes,0.00014646817183428,RP11-483E7.1 | DSG1 | RP11-203J24.8 | CTB-32O4.2 | GS1-115G20.1 | AK5
6 genes,0.00648049541548545,RP11-483E7.1 | DSG1 | RP11-203J24.8 | RP11-46H11.12 | NAV2 | AC131097.4
6 genes,0.0279469778802927,RP11-483E7.1 | DSG1 | RP11-203J24.8 | RP11-46H11.12 | NAV2 | GS1-115G20.1
6 genes,0.042615997999174,RP11-483E7.1 | DSG1 | RP11-203J24.8 | RP11-46H11.12 | NAV2 | AK5
6 genes,0.0597389494308833,RP11-483E7.1 | DSG1 | RP11-203J24.8 | RP11-46H11.12 | AC131097.4 | GS1-115G20.1
6 genes,0.0826965037349903,RP11-483E7.1 | DSG1 | RP11-203J24.8 | RP11-46H11.12 | AC131097.4 | AK5
6 genes,0.0556241675190638,RP11-483E7.1 | DSG1 | RP11-203J24.8 | RP11-46H11.12 | GS1-115G20.1 | AK5
6 genes,0.173272062568531,RP11-483E7.1 | DSG1 | RP11-203J24.8 | NAV2 | AC131097.4 | GS1-115G20.1
6 genes,0.131809579962984,RP11-483E7.1 | DSG1 | RP11-203J24.8 | NAV2 | AC131097.4 | AK5
6 genes,0.24835753536266,RP11-483E7.1 | DSG1 | RP11-203J24.8 | NAV2 | GS1-115G20.1 | AK5
6 genes,0.287193349953604,RP11-483E7.1 | DSG1 | RP11-203J24.8 | AC131097.4 | GS1-115G20.1 | AK5
6 genes,0.000455025971031975,RP11-483E7.1 | DSG1 | CTB-32O4.2 | RP11-46H11.12 | NAV2 | AC131097.4
6 genes,0.000828921638534874,RP11-483E7.1 | DSG1 | CTB-32O4.2 | RP11-46H11.12 | NAV2 | GS1-115G20.1
6 genes,0.000975972756463772,RP11-483E7.1 | DSG1 | CTB-32O4.2 | RP11-46H11.12 | NAV2 | AK5
6 genes,0.00730407444764458,RP11-483E7.1 | DSG1 | CTB-32O4.2 | RP11-46H11.12 | AC131097.4 | GS1-115G20.1
6 genes,0.000983914405542574,RP11-483E7.1 | DSG1 | CTB-32O4.2 | RP11-46H11.12 | AC131097.4 | AK5
6 genes,0.000540831350009263,RP11-483E7.1 | DSG1 | CTB-32O4.2 | RP11-46H11.12 | GS1-115G20.1 | AK5
6 genes,0.017756374606045,RP11-483E7.1 | DSG1 | CTB-32O4.2 | NAV2 | AC131097.4 | GS1-115G20.1
6 genes,0.00124774569777142,RP11-483E7.1 | DSG1 | CTB-32O4.2 | NAV2 | AC131097.4 | AK5
6 genes,0.00201243848852817,RP11-483E7.1 | DSG1 | CTB-32O4.2 | NAV2 | GS1-115G20.1 | AK5
6 genes,0.00329899287012325,RP11-483E7.1 | DSG1 | CTB-32O4.2 | AC131097.4 | GS1-115G20.1 | AK5
6 genes,0.0124891130268412,RP11-483E7.1 | DSG1 | RP11-46H11.12 | NAV2 | AC131097.4 | GS1-115G20.1
6 genes,0.00345897285417662,RP11-483E7.1 | DSG1 | RP11-46H11.12 | NAV2 | AC131097.4 | AK5
6 genes,0.00212992420602265,RP11-483E7.1 | DSG1 | RP11-46H11.12 | NAV2 | GS1-115G20.1 | AK5
6 genes,0.039080567929257,RP11-483E7.1 | DSG1 | RP11-46H11.12 | AC131097.4 | GS1-115G20.1 | AK5
6 genes,0.0593848137965014,RP11-483E7.1 | DSG1 | NAV2 | AC131097.4 | GS1-115G20.1 | AK5
6 genes,0.000135285908241967,RP11-483E7.1 | RP11-203J24.8 | CTB-32O4.2 | RP11-46H11.12 | NAV2 | AC131097.4
6 genes,0.000925962963750915,RP11-483E7.1 | RP11-203J24.8 | CTB-32O4.2 | RP11-46H11.12 | NAV2 | GS1-115G20.1
6 genes,8.83742491534223e-05,RP11-483E7.1 | RP11-203J24.8 | CTB-32O4.2 | RP11-46H11.12 | NAV2 | AK5
6 genes,0.00130328464521856,RP11-483E7.1 | RP11-203J24.8 | CTB-32O4.2 | RP11-46H11.12 | AC131097.4 | GS1-115G20.1
6 genes,0.00199601304992292,RP11-483E7.1 | RP11-203J24.8 | CTB-32O4.2 | RP11-46H11.12 | AC131097.4 | AK5
6 genes,0.00104875297903173,RP11-483E7.1 | RP11-203J24.8 | CTB-32O4.2 | RP11-46H11.12 | GS1-115G20.1 | AK5
6 genes,0.000324097626277609,RP11-483E7.1 | RP11-203J24.8 | CTB-32O4.2 | NAV2 | AC131097.4 | GS1-115G20.1
6 genes,0.000291344537161398,RP11-483E7.1 | RP11-203J24.8 | CTB-32O4.2 | NAV2 | AC131097.4 | AK5
6 genes,0.000196294619775328,RP11-483E7.1 | RP11-203J24.8 | CTB-32O4.2 | NAV2 | GS1-115G20.1 | AK5
6 genes,0.00133437362719924,RP11-483E7.1 | RP11-203J24.8 | CTB-32O4.2 | AC131097.4 | GS1-115G20.1 | AK5
6 genes,0.00347131659815803,RP11-483E7.1 | RP11-203J24.8 | RP11-46H11.12 | NAV2 | AC131097.4 | GS1-115G20.1
6 genes,0.0221936881873743,RP11-483E7.1 | RP11-203J24.8 | RP11-46H11.12 | NAV2 | AC131097.4 | AK5
6 genes,0.00992113511652093,RP11-483E7.1 | RP11-203J24.8 | RP11-46H11.12 | NAV2 | GS1-115G20.1 | AK5
6 genes,0.135805208924691,RP11-483E7.1 | RP11-203J24.8 | RP11-46H11.12 | AC131097.4 | GS1-115G20.1 | AK5
6 genes,0.138478874223465,RP11-483E7.1 | RP11-203J24.8 | NAV2 | AC131097.4 | GS1-115G20.1 | AK5
6 genes,0.000745683461033875,RP11-483E7.1 | CTB-32O4.2 | RP11-46H11.12 | NAV2 | AC131097.4 | GS1-115G20.1
6 genes,0.000278075762659813,RP11-483E7.1 | CTB-32O4.2 | RP11-46H11.12 | NAV2 | AC131097.4 | AK5
6 genes,0.000159112591709754,RP11-483E7.1 | CTB-32O4.2 | RP11-46H11.12 | NAV2 | GS1-115G20.1 | AK5
6 genes,0.00145763760020423,RP11-483E7.1 | CTB-32O4.2 | RP11-46H11.12 | AC131097.4 | GS1-115G20.1 | AK5
6 genes,0.00260255854693148,RP11-483E7.1 | CTB-32O4.2 | NAV2 | AC131097.4 | GS1-115G20.1 | AK5
6 genes,0.00711086770650549,RP11-483E7.1 | RP11-46H11.12 | NAV2 | AC131097.4 | GS1-115G20.1 | AK5
6 genes,0.0074984095152788,NLRX1 | DSG1 | RP11-203J24.8 | CTB-32O4.2 | RP11-46H11.12 | NAV2
6 genes,0.00687643133325533,NLRX1 | DSG1 | RP11-203J24.8 | CTB-32O4.2 | RP11-46H11.12 | AC131097.4
6 genes,0.0119994337822116,NLRX1 | DSG1 | RP11-203J24.8 | CTB-32O4.2 | RP11-46H11.12 | GS1-115G20.1
6 genes,0.0151783155741539,NLRX1 | DSG1 | RP11-203J24.8 | CTB-32O4.2 | RP11-46H11.12 | AK5
6 genes,0.000442329584983581,NLRX1 | DSG1 | RP11-203J24.8 | CTB-32O4.2 | NAV2 | AC131097.4
6 genes,0.00268042546954339,NLRX1 | DSG1 | RP11-203J24.8 | CTB-32O4.2 | NAV2 | GS1-115G20.1
6 genes,0.0100396931886849,NLRX1 | DSG1 | RP11-203J24.8 | CTB-32O4.2 | NAV2 | AK5
6 genes,0.0109591696154919,NLRX1 | DSG1 | RP11-203J24.8 | CTB-32O4.2 | AC131097.4 | GS1-115G20.1
6 genes,0.00509771727946084,NLRX1 | DSG1 | RP11-203J24.8 | CTB-32O4.2 | AC131097.4 | AK5
6 genes,0.00793455232598173,NLRX1 | DSG1 | RP11-203J24.8 | CTB-32O4.2 | GS1-115G20.1 | AK5
6 genes,0.0742434041153154,NLRX1 | DSG1 | RP11-203J24.8 | RP11-46H11.12 | NAV2 | AC131097.4
6 genes,0.0234845733331539,NLRX1 | DSG1 | RP11-203J24.8 | RP11-46H11.12 | NAV2 | GS1-115G20.1
6 genes,0.0724027262921868,NLRX1 | DSG1 | RP11-203J24.8 | RP11-46H11.12 | NAV2 | AK5
6 genes,0.0782204924434798,NLRX1 | DSG1 | RP11-203J24.8 | RP11-46H11.12 | AC131097.4 | GS1-115G20.1
6 genes,0.0141191742041346,NLRX1 | DSG1 | RP11-203J24.8 | RP11-46H11.12 | AC131097.4 | AK5
6 genes,0.102075623390458,NLRX1 | DSG1 | RP11-203J24.8 | RP11-46H11.12 | GS1-115G20.1 | AK5
6 genes,0.0019569334721139,NLRX1 | DSG1 | RP11-203J24.8 | NAV2 | AC131097.4 | GS1-115G20.1
6 genes,0.0216286843827723,NLRX1 | DSG1 | RP11-203J24.8 | NAV2 | AC131097.4 | AK5
6 genes,0.178522970700947,NLRX1 | DSG1 | RP11-203J24.8 | NAV2 | GS1-115G20.1 | AK5
6 genes,0.0341367656880914,NLRX1 | DSG1 | RP11-203J24.8 | AC131097.4 | GS1-115G20.1 | AK5
6 genes,0.00187647890109255,NLRX1 | DSG1 | CTB-32O4.2 | RP11-46H11.12 | NAV2 | AC131097.4
6 genes,0.00887677737155401,NLRX1 | DSG1 | CTB-32O4.2 | RP11-46H11.12 | NAV2 | GS1-115G20.1
6 genes,0.000413127069864738,NLRX1 | DSG1 | CTB-32O4.2 | RP11-46H11.12 | NAV2 | AK5
6 genes,0.00274741259288369,NLRX1 | DSG1 | CTB-32O4.2 | RP11-46H11.12 | AC131097.4 | GS1-115G20.1
6 genes,0.00107203254442922,NLRX1 | DSG1 | CTB-32O4.2 | RP11-46H11.12 | AC131097.4 | AK5
6 genes,0.000888460340844444,NLRX1 | DSG1 | CTB-32O4.2 | RP11-46H11.12 | GS1-115G20.1 | AK5
6 genes,0.00103279653247834,NLRX1 | DSG1 | CTB-32O4.2 | NAV2 | AC131097.4 | GS1-115G20.1
6 genes,0.000855552428190576,NLRX1 | DSG1 | CTB-32O4.2 | NAV2 | AC131097.4 | AK5
6 genes,0.00217435451784442,NLRX1 | DSG1 | CTB-32O4.2 | NAV2 | GS1-115G20.1 | AK5
6 genes,0.00143956216165797,NLRX1 | DSG1 | CTB-32O4.2 | AC131097.4 | GS1-115G20.1 | AK5
6 genes,0.0023597241971719,NLRX1 | DSG1 | RP11-46H11.12 | NAV2 | AC131097.4 | GS1-115G20.1
6 genes,0.00546192316107219,NLRX1 | DSG1 | RP11-46H11.12 | NAV2 | AC131097.4 | AK5
6 genes,0.0599234880363342,NLRX1 | DSG1 | RP11-46H11.12 | NAV2 | GS1-115G20.1 | AK5
6 genes,0.00941726179103552,NLRX1 | DSG1 | RP11-46H11.12 | AC131097.4 | GS1-115G20.1 | AK5
6 genes,0.0599096349613454,NLRX1 | DSG1 | NAV2 | AC131097.4 | GS1-115G20.1 | AK5
6 genes,0.00162928310502031,NLRX1 | RP11-203J24.8 | CTB-32O4.2 | RP11-46H11.12 | NAV2 | AC131097.4
6 genes,0.0068121124469438,NLRX1 | RP11-203J24.8 | CTB-32O4.2 | RP11-46H11.12 | NAV2 | GS1-115G20.1
6 genes,0.000313072278753213,NLRX1 | RP11-203J24.8 | CTB-32O4.2 | RP11-46H11.12 | NAV2 | AK5
6 genes,0.0327290144736015,NLRX1 | RP11-203J24.8 | CTB-32O4.2 | RP11-46H11.12 | AC131097.4 | GS1-115G20.1
6 genes,0.000150454948253165,NLRX1 | RP11-203J24.8 | CTB-32O4.2 | RP11-46H11.12 | AC131097.4 | AK5
6 genes,0.00231183564215609,NLRX1 | RP11-203J24.8 | CTB-32O4.2 | RP11-46H11.12 | GS1-115G20.1 | AK5
6 genes,0.00201694648962214,NLRX1 | RP11-203J24.8 | CTB-32O4.2 | NAV2 | AC131097.4 | GS1-115G20.1
6 genes,0.000426085079637373,NLRX1 | RP11-203J24.8 | CTB-32O4.2 | NAV2 | AC131097.4 | AK5
6 genes,0.000969072488771427,NLRX1 | RP11-203J24.8 | CTB-32O4.2 | NAV2 | GS1-115G20.1 | AK5
6 genes,0.000829623770959742,NLRX1 | RP11-203J24.8 | CTB-32O4.2 | AC131097.4 | GS1-115G20.1 | AK5
6 genes,0.00505518798693561,NLRX1 | RP11-203J24.8 | RP11-46H11.12 | NAV2 | AC131097.4 | GS1-115G20.1
6 genes,0.00334495376740185,NLRX1 | RP11-203J24.8 | RP11-46H11.12 | NAV2 | AC131097.4 | AK5
6 genes,0.0144667483141764,NLRX1 | RP11-203J24.8 | RP11-46H11.12 | NAV2 | GS1-115G20.1 | AK5
6 genes,0.00801119905926206,NLRX1 | RP11-203J24.8 | RP11-46H11.12 | AC131097.4 | GS1-115G20.1 | AK5
6 genes,0.000211555853918854,NLRX1 | RP11-203J24.8 | NAV2 | AC131097.4 | GS1-115G20.1 | AK5
6 genes,0.00024789557018734,NLRX1 | CTB-32O4.2 | RP11-46H11.12 | NAV2 | AC131097.4 | GS1-115G20.1
6 genes,0.00025944181220261,NLRX1 | CTB-32O4.2 | RP11-46H11.12 | NAV2 | AC131097.4 | AK5
6 genes,0.000281256935086738,NLRX1 | CTB-32O4.2 | RP11-46H11.12 | NAV2 | GS1-115G20.1 | AK5
6 genes,0.000223976311393148,NLRX1 | CTB-32O4.2 | RP11-46H11.12 | AC131097.4 | GS1-115G20.1 | AK5
6 genes,0.000327739195955634,NLRX1 | CTB-32O4.2 | NAV2 | AC131097.4 | GS1-115G20.1 | AK5
6 genes,0.0150687919607694,NLRX1 | RP11-46H11.12 | NAV2 | AC131097.4 | GS1-115G20.1 | AK5
6 genes,0.00365838576430488,DSG1 | RP11-203J24.8 | CTB-32O4.2 | RP11-46H11.12 | NAV2 | AC131097.4
6 genes,0.0293532851455083,DSG1 | RP11-203J24.8 | CTB-32O4.2 | RP11-46H11.12 | NAV2 | GS1-115G20.1
6 genes,0.00255044096009016,DSG1 | RP11-203J24.8 | CTB-32O4.2 | RP11-46H11.12 | NAV2 | AK5
6 genes,0.00265447702522592,DSG1 | RP11-203J24.8 | CTB-32O4.2 | RP11-46H11.12 | AC131097.4 | GS1-115G20.1
6 genes,0.00323450356017707,DSG1 | RP11-203J24.8 | CTB-32O4.2 | RP11-46H11.12 | AC131097.4 | AK5
6 genes,0.00953230899023061,DSG1 | RP11-203J24.8 | CTB-32O4.2 | RP11-46H11.12 | GS1-115G20.1 | AK5
6 genes,0.00103109144734015,DSG1 | RP11-203J24.8 | CTB-32O4.2 | NAV2 | AC131097.4 | GS1-115G20.1
6 genes,0.001170294847466,DSG1 | RP11-203J24.8 | CTB-32O4.2 | NAV2 | AC131097.4 | AK5
6 genes,0.00331834174026002,DSG1 | RP11-203J24.8 | CTB-32O4.2 | NAV2 | GS1-115G20.1 | AK5
6 genes,0.0107430914929174,DSG1 | RP11-203J24.8 | CTB-32O4.2 | AC131097.4 | GS1-115G20.1 | AK5
6 genes,0.0156900682354538,DSG1 | RP11-203J24.8 | RP11-46H11.12 | NAV2 | AC131097.4 | GS1-115G20.1
6 genes,0.0398015688625917,DSG1 | RP11-203J24.8 | RP11-46H11.12 | NAV2 | AC131097.4 | AK5
6 genes,0.114921678980063,DSG1 | RP11-203J24.8 | RP11-46H11.12 | NAV2 | GS1-115G20.1 | AK5
6 genes,0.13755669251751,DSG1 | RP11-203J24.8 | RP11-46H11.12 | AC131097.4 | GS1-115G20.1 | AK5
6 genes,0.351802031029541,DSG1 | RP11-203J24.8 | NAV2 | AC131097.4 | GS1-115G20.1 | AK5
6 genes,0.00324958587486623,DSG1 | CTB-32O4.2 | RP11-46H11.12 | NAV2 | AC131097.4 | GS1-115G20.1
6 genes,0.000576725155113533,DSG1 | CTB-32O4.2 | RP11-46H11.12 | NAV2 | AC131097.4 | AK5
6 genes,0.00612890588224768,DSG1 | CTB-32O4.2 | RP11-46H11.12 | NAV2 | GS1-115G20.1 | AK5
6 genes,0.00878673020723542,DSG1 | CTB-32O4.2 | RP11-46H11.12 | AC131097.4 | GS1-115G20.1 | AK5
6 genes,0.0332685913661498,DSG1 | CTB-32O4.2 | NAV2 | AC131097.4 | GS1-115G20.1 | AK5
6 genes,0.00194246985421809,DSG1 | RP11-46H11.12 | NAV2 | AC131097.4 | GS1-115G20.1 | AK5
6 genes,0.00127918792804016,RP11-203J24.8 | CTB-32O4.2 | RP11-46H11.12 | NAV2 | AC131097.4 | GS1-115G20.1
6 genes,0.00106218161160454,RP11-203J24.8 | CTB-32O4.2 | RP11-46H11.12 | NAV2 | AC131097.4 | AK5
6 genes,0.00259679929422851,RP11-203J24.8 | CTB-32O4.2 | RP11-46H11.12 | NAV2 | GS1-115G20.1 | AK5
6 genes,0.00981802020832601,RP11-203J24.8 | CTB-32O4.2 | RP11-46H11.12 | AC131097.4 | GS1-115G20.1 | AK5
6 genes,0.000718156329969744,RP11-203J24.8 | CTB-32O4.2 | NAV2 | AC131097.4 | GS1-115G20.1 | AK5
6 genes,0.0141231074761323,RP11-203J24.8 | RP11-46H11.12 | NAV2 | AC131097.4 | GS1-115G20.1 | AK5
6 genes,0.0104683434364022,CTB-32O4.2 | RP11-46H11.12 | NAV2 | AC131097.4 | GS1-115G20.1 | AK5
7 genes,0.0051986386929207,RP11-483E7.1 | NLRX1 | DSG1 | RP11-203J24.8 | CTB-32O4.2 | RP11-46H11.12 | NAV2
7 genes,0.00336260696604251,RP11-483E7.1 | NLRX1 | DSG1 | RP11-203J24.8 | CTB-32O4.2 | RP11-46H11.12 | AC131097.4
7 genes,0.0115046178561128,RP11-483E7.1 | NLRX1 | DSG1 | RP11-203J24.8 | CTB-32O4.2 | RP11-46H11.12 | GS1-115G20.1
7 genes,0.00246566352312327,RP11-483E7.1 | NLRX1 | DSG1 | RP11-203J24.8 | CTB-32O4.2 | RP11-46H11.12 | AK5
7 genes,0.000995222683051966,RP11-483E7.1 | NLRX1 | DSG1 | RP11-203J24.8 | CTB-32O4.2 | NAV2 | AC131097.4
7 genes,0.00115434341946441,RP11-483E7.1 | NLRX1 | DSG1 | RP11-203J24.8 | CTB-32O4.2 | NAV2 | GS1-115G20.1
7 genes,0.000728532978176433,RP11-483E7.1 | NLRX1 | DSG1 | RP11-203J24.8 | CTB-32O4.2 | NAV2 | AK5
7 genes,0.00198109968162774,RP11-483E7.1 | NLRX1 | DSG1 | RP11-203J24.8 | CTB-32O4.2 | AC131097.4 | GS1-115G20.1
7 genes,0.00330853239201767,RP11-483E7.1 | NLRX1 | DSG1 | RP11-203J24.8 | CTB-32O4.2 | AC131097.4 | AK5
7 genes,0.00555300995304897,RP11-483E7.1 | NLRX1 | DSG1 | RP11-203J24.8 | CTB-32O4.2 | GS1-115G20.1 | AK5
7 genes,0.0639951503934544,RP11-483E7.1 | NLRX1 | DSG1 | RP11-203J24.8 | RP11-46H11.12 | NAV2 | AC131097.4
7 genes,0.00672893482577952,RP11-483E7.1 | NLRX1 | DSG1 | RP11-203J24.8 | RP11-46H11.12 | NAV2 | GS1-115G20.1
7 genes,0.0725048710879759,RP11-483E7.1 | NLRX1 | DSG1 | RP11-203J24.8 | RP11-46H11.12 | NAV2 | AK5
7 genes,0.0499178973861695,RP11-483E7.1 | NLRX1 | DSG1 | RP11-203J24.8 | RP11-46H11.12 | AC131097.4 | GS1-115G20.1
7 genes,0.022523776327656,RP11-483E7.1 | NLRX1 | DSG1 | RP11-203J24.8 | RP11-46H11.12 | AC131097.4 | AK5
7 genes,0.120385811790444,RP11-483E7.1 | NLRX1 | DSG1 | RP11-203J24.8 | RP11-46H11.12 | GS1-115G20.1 | AK5
7 genes,0.0161282266392444,RP11-483E7.1 | NLRX1 | DSG1 | RP11-203J24.8 | NAV2 | AC131097.4 | GS1-115G20.1
7 genes,0.0399818084882746,RP11-483E7.1 | NLRX1 | DSG1 | RP11-203J24.8 | NAV2 | AC131097.4 | AK5
7 genes,0.107388953805307,RP11-483E7.1 | NLRX1 | DSG1 | RP11-203J24.8 | NAV2 | GS1-115G20.1 | AK5
7 genes,0.0459526064618699,RP11-483E7.1 | NLRX1 | DSG1 | RP11-203J24.8 | AC131097.4 | GS1-115G20.1 | AK5
7 genes,0.00174381022878345,RP11-483E7.1 | NLRX1 | DSG1 | CTB-32O4.2 | RP11-46H11.12 | NAV2 | AC131097.4
7 genes,0.00236491831030639,RP11-483E7.1 | NLRX1 | DSG1 | CTB-32O4.2 | RP11-46H11.12 | NAV2 | GS1-115G20.1
7 genes,0.000691631941444615,RP11-483E7.1 | NLRX1 | DSG1 | CTB-32O4.2 | RP11-46H11.12 | NAV2 | AK5
7 genes,0.00480606676679107,RP11-483E7.1 | NLRX1 | DSG1 | CTB-32O4.2 | RP11-46H11.12 | AC131097.4 | GS1-115G20.1
7 genes,0.00225780100246387,RP11-483E7.1 | NLRX1 | DSG1 | CTB-32O4.2 | RP11-46H11.12 | AC131097.4 | AK5
7 genes,0.00124225738513806,RP11-483E7.1 | NLRX1 | DSG1 | CTB-32O4.2 | RP11-46H11.12 | GS1-115G20.1 | AK5
7 genes,0.000464078902137066,RP11-483E7.1 | NLRX1 | DSG1 | CTB-32O4.2 | NAV2 | AC131097.4 | GS1-115G20.1
7 genes,0.00164183554021191,RP11-483E7.1 | NLRX1 | DSG1 | CTB-32O4.2 | NAV2 | AC131097.4 | AK5
7 genes,0.0024485380769419,RP11-483E7.1 | NLRX1 | DSG1 | CTB-32O4.2 | NAV2 | GS1-115G20.1 | AK5
7 genes,0.0033088488789268,RP11-483E7.1 | NLRX1 | DSG1 | CTB-32O4.2 | AC131097.4 | GS1-115G20.1 | AK5
7 genes,0.00447976294216956,RP11-483E7.1 | NLRX1 | DSG1 | RP11-46H11.12 | NAV2 | AC131097.4 | GS1-115G20.1
7 genes,0.0102678930415809,RP11-483E7.1 | NLRX1 | DSG1 | RP11-46H11.12 | NAV2 | AC131097.4 | AK5
7 genes,0.101905726789606,RP11-483E7.1 | NLRX1 | DSG1 | RP11-46H11.12 | NAV2 | GS1-115G20.1 | AK5
7 genes,0.0101572762578579,RP11-483E7.1 | NLRX1 | DSG1 | RP11-46H11.12 | AC131097.4 | GS1-115G20.1 | AK5
7 genes,0.0843603533662417,RP11-483E7.1 | NLRX1 | DSG1 | NAV2 | AC131097.4 | GS1-115G20.1 | AK5
7 genes,0.000526981445766128,RP11-483E7.1 | NLRX1 | RP11-203J24.8 | CTB-32O4.2 | RP11-46H11.12 | NAV2 | AC131097.4
7 genes,0.000714963514443667,RP11-483E7.1 | NLRX1 | RP11-203J24.8 | CTB-32O4.2 | RP11-46H11.12 | NAV2 | GS1-115G20.1
7 genes,9.69973206655927e-05,RP11-483E7.1 | NLRX1 | RP11-203J24.8 | CTB-32O4.2 | RP11-46H11.12 | NAV2 | AK5
7 genes,0.00500095869759698,RP11-483E7.1 | NLRX1 | RP11-203J24.8 | CTB-32O4.2 | RP11-46H11.12 | AC131097.4 | GS1-115G20.1
7 genes,0.000594694864871959,RP11-483E7.1 | NLRX1 | RP11-203J24.8 | CTB-32O4.2 | RP11-46H11.12 | AC131097.4 | AK5
7 genes,0.000348677663556951,RP11-483E7.1 | NLRX1 | RP11-203J24.8 | CTB-32O4.2 | RP11-46H11.12 | GS1-115G20.1 | AK5
7 genes,7.5846286891168e-05,RP11-483E7.1 | NLRX1 | RP11-203J24.8 | CTB-32O4.2 | NAV2 | AC131097.4 | GS1-115G20.1
7 genes,0.000423118964100855,RP11-483E7.1 | NLRX1 | RP11-203J24.8 | CTB-32O4.2 | NAV2 | AC131097.4 | AK5
7 genes,0.00121110062616814,RP11-483E7.1 | NLRX1 | RP11-203J24.8 | CTB-32O4.2 | NAV2 | GS1-115G20.1 | AK5
7 genes,0.000331846987133289,RP11-483E7.1 | NLRX1 | RP11-203J24.8 | CTB-32O4.2 | AC131097.4 | GS1-115G20.1 | AK5
7 genes,0.0331996101593655,RP11-483E7.1 | NLRX1 | RP11-203J24.8 | RP11-46H11.12 | NAV2 | AC131097.4 | GS1-115G20.1
7 genes,0.00639779545550134,RP11-483E7.1 | NLRX1 | RP11-203J24.8 | RP11-46H11.12 | NAV2 | AC131097.4 | AK5
7 genes,0.195910541368708,RP11-483E7.1 | NLRX1 | RP11-203J24.8 | RP11-46H11.12 | NAV2 | GS1-115G20.1 | AK5
7 genes,0.03089075856618,RP11-483E7.1 | NLRX1 | RP11-203J24.8 | RP11-46H11.12 | AC131097.4 | GS1-115G20.1 | AK5
7 genes,0.0611016934858513,RP11-483E7.1 | NLRX1 | RP11-203J24.8 | NAV2 | AC131097.4 | GS1-115G20.1 | AK5
7 genes,0.000130783377336519,RP11-483E7.1 | NLRX1 | CTB-32O4.2 | RP11-46H11.12 | NAV2 | AC131097.4 | GS1-115G20.1
7 genes,0.000419801714073853,RP11-483E7.1 | NLRX1 | CTB-32O4.2 | RP11-46H11.12 | NAV2 | AC131097.4 | AK5
7 genes,0.00010415581633505,RP11-483E7.1 | NLRX1 | CTB-32O4.2 | RP11-46H11.12 | NAV2 | GS1-115G20.1 | AK5
7 genes,0.000180607511736541,RP11-483E7.1 | NLRX1 | CTB-32O4.2 | RP11-46H11.12 | AC131097.4 | GS1-115G20.1 | AK5
7 genes,0.000168533716196739,RP11-483E7.1 | NLRX1 | CTB-32O4.2 | NAV2 | AC131097.4 | GS1-115G20.1 | AK5
7 genes,0.00886382656301465,RP11-483E7.1 | NLRX1 | RP11-46H11.12 | NAV2 | AC131097.4 | GS1-115G20.1 | AK5
7 genes,0.00211130536281701,RP11-483E7.1 | DSG1 | RP11-203J24.8 | CTB-32O4.2 | RP11-46H11.12 | NAV2 | AC131097.4
7 genes,0.00181693296782448,RP11-483E7.1 | DSG1 | RP11-203J24.8 | CTB-32O4.2 | RP11-46H11.12 | NAV2 | GS1-115G20.1
7 genes,0.00362683781276585,RP11-483E7.1 | DSG1 | RP11-203J24.8 | CTB-32O4.2 | RP11-46H11.12 | NAV2 | AK5
7 genes,0.00549213924314407,RP11-483E7.1 | DSG1 | RP11-203J24.8 | CTB-32O4.2 | RP11-46H11.12 | AC131097.4 | GS1-115G20.1
7 genes,0.00273041244270256,RP11-483E7.1 | DSG1 | RP11-203J24.8 | CTB-32O4.2 | RP11-46H11.12 | AC131097.4 | AK5
7 genes,0.00484013007772155,RP11-483E7.1 | DSG1 | RP11-203J24.8 | CTB-32O4.2 | RP11-46H11.12 | GS1-115G20.1 | AK5
7 genes,0.00136301767575941,RP11-483E7.1 | DSG1 | RP11-203J24.8 | CTB-32O4.2 | NAV2 | AC131097.4 | GS1-115G20.1
7 genes,0.000302804819512614,RP11-483E7.1 | DSG1 | RP11-203J24.8 | CTB-32O4.2 | NAV2 | AC131097.4 | AK5
7 genes,0.00129043690043207,RP11-483E7.1 | DSG1 | RP11-203J24.8 | CTB-32O4.2 | NAV2 | GS1-115G20.1 | AK5
7 genes,0.000167069121753793,RP11-483E7.1 | DSG1 | RP11-203J24.8 | CTB-32O4.2 | AC131097.4 | GS1-115G20.1 | AK5
7 genes,0.021717429484064,RP11-483E7.1 | DSG1 | RP11-203J24.8 | RP11-46H11.12 | NAV2 | AC131097.4 | GS1-115G20.1
7 genes,0.036400086573847,RP11-483E7.1 | DSG1 | RP11-203J24.8 | RP11-46H11.12 | NAV2 | AC131097.4 | AK5
7 genes,0.0100895373850962,RP11-483E7.1 | DSG1 | RP11-203J24.8 | RP11-46H11.12 | NAV2 | GS1-115G20.1 | AK5
7 genes,0.0794876232017068,RP11-483E7.1 | DSG1 | RP11-203J24.8 | RP11-46H11.12 | AC131097.4 | GS1-115G20.1 | AK5
7 genes,0.130000171894177,RP11-483E7.1 | DSG1 | RP11-203J24.8 | NAV2 | AC131097.4 | GS1-115G20.1 | AK5
7 genes,0.000291959490954619,RP11-483E7.1 | DSG1 | CTB-32O4.2 | RP11-46H11.12 | NAV2 | AC131097.4 | GS1-115G20.1
7 genes,0.00113656282470809,RP11-483E7.1 | DSG1 | CTB-32O4.2 | RP11-46H11.12 | NAV2 | AC131097.4 | AK5
7 genes,0.00132355005099616,RP11-483E7.1 | DSG1 | CTB-32O4.2 | RP11-46H11.12 | NAV2 | GS1-115G20.1 | AK5
7 genes,0.000570822396513626,RP11-483E7.1 | DSG1 | CTB-32O4.2 | RP11-46H11.12 | AC131097.4 | GS1-115G20.1 | AK5
7 genes,0.0104317590512391,RP11-483E7.1 | DSG1 | CTB-32O4.2 | NAV2 | AC131097.4 | GS1-115G20.1 | AK5
7 genes,0.00326467661788921,RP11-483E7.1 | DSG1 | RP11-46H11.12 | NAV2 | AC131097.4 | GS1-115G20.1 | AK5
7 genes,0.000142926303330015,RP11-483E7.1 | RP11-203J24.8 | CTB-32O4.2 | RP11-46H11.12 | NAV2 | AC131097.4 | GS1-115G20.1
7 genes,6.51970613980701e-05,RP11-483E7.1 | RP11-203J24.8 | CTB-32O4.2 | RP11-46H11.12 | NAV2 | AC131097.4 | AK5
7 genes,8.83742491534223e-05,RP11-483E7.1 | RP11-203J24.8 | CTB-32O4.2 | RP11-46H11.12 | NAV2 | GS1-115G20.1 | AK5
7 genes,0.00127049612334396,RP11-483E7.1 | RP11-203J24.8 | CTB-32O4.2 | RP11-46H11.12 | AC131097.4 | GS1-115G20.1 | AK5
7 genes,0.000291344537161398,RP11-483E7.1 | RP11-203J24.8 | CTB-32O4.2 | NAV2 | AC131097.4 | GS1-115G20.1 | AK5
7 genes,0.0196771569250994,RP11-483E7.1 | RP11-203J24.8 | RP11-46H11.12 | NAV2 | AC131097.4 | GS1-115G20.1 | AK5
7 genes,0.000265818756769454,RP11-483E7.1 | CTB-32O4.2 | RP11-46H11.12 | NAV2 | AC131097.4 | GS1-115G20.1 | AK5
7 genes,0.0020581532378684,NLRX1 | DSG1 | RP11-203J24.8 | CTB-32O4.2 | RP11-46H11.12 | NAV2 | AC131097.4
7 genes,0.00878424277025558,NLRX1 | DSG1 | RP11-203J24.8 | CTB-32O4.2 | RP11-46H11.12 | NAV2 | GS1-115G20.1
7 genes,0.000190917779798849,NLRX1 | DSG1 | RP11-203J24.8 | CTB-32O4.2 | RP11-46H11.12 | NAV2 | AK5
7 genes,0.00680276561454596,NLRX1 | DSG1 | RP11-203J24.8 | CTB-32O4.2 | RP11-46H11.12 | AC131097.4 | GS1-115G20.1
7 genes,0.00454939059380888,NLRX1 | DSG1 | RP11-203J24.8 | CTB-32O4.2 | RP11-46H11.12 | AC131097.4 | AK5
7 genes,0.00441540416336927,NLRX1 | DSG1 | RP11-203J24.8 | CTB-32O4.2 | RP11-46H11.12 | GS1-115G20.1 | AK5
7 genes,0.000442329584983581,NLRX1 | DSG1 | RP11-203J24.8 | CTB-32O4.2 | NAV2 | AC131097.4 | GS1-115G20.1
7 genes,0.000575075118758539,NLRX1 | DSG1 | RP11-203J24.8 | CTB-32O4.2 | NAV2 | AC131097.4 | AK5
7 genes,0.00180415046402427,NLRX1 | DSG1 | RP11-203J24.8 | CTB-32O4.2 | NAV2 | GS1-115G20.1 | AK5
7 genes,0.00118336352124693,NLRX1 | DSG1 | RP11-203J24.8 | CTB-32O4.2 | AC131097.4 | GS1-115G20.1 | AK5
7 genes,0.0080965819844111,NLRX1 | DSG1 | RP11-203J24.8 | RP11-46H11.12 | NAV2 | AC131097.4 | GS1-115G20.1
7 genes,0.0212045500201249,NLRX1 | DSG1 | RP11-203J24.8 | RP11-46H11.12 | NAV2 | AC131097.4 | AK5
7 genes,0.0321210400532899,NLRX1 | DSG1 | RP11-203J24.8 | RP11-46H11.12 | NAV2 | GS1-115G20.1 | AK5
7 genes,0.0176257542493519,NLRX1 | DSG1 | RP11-203J24.8 | RP11-46H11.12 | AC131097.4 | GS1-115G20.1 | AK5
7 genes,0.0641165805511147,NLRX1 | DSG1 | RP11-203J24.8 | NAV2 | AC131097.4 | GS1-115G20.1 | AK5
7 genes,0.00126698314574847,NLRX1 | DSG1 | CTB-32O4.2 | RP11-46H11.12 | NAV2 | AC131097.4 | GS1-115G20.1
7 genes,0.000515198318841947,NLRX1 | DSG1 | CTB-32O4.2 | RP11-46H11.12 | NAV2 | AC131097.4 | AK5
7 genes,0.00050376292598675,NLRX1 | DSG1 | CTB-32O4.2 | RP11-46H11.12 | NAV2 | GS1-115G20.1 | AK5
7 genes,0.00186686261892022,NLRX1 | DSG1 | CTB-32O4.2 | RP11-46H11.12 | AC131097.4 | GS1-115G20.1 | AK5
7 genes,0.000822261445684092,NLRX1 | DSG1 | CTB-32O4.2 | NAV2 | AC131097.4 | GS1-115G20.1 | AK5
7 genes,0.0063279173654871,NLRX1 | DSG1 | RP11-46H11.12 | NAV2 | AC131097.4 | GS1-115G20.1 | AK5
7 genes,0.00162928310502031,NLRX1 | RP11-203J24.8 | CTB-32O4.2 | RP11-46H11.12 | NAV2 | AC131097.4 | GS1-115G20.1
7 genes,0.000175603468421826,NLRX1 | RP11-203J24.8 | CTB-32O4.2 | RP11-46H11.12 | NAV2 | AC131097.4 | AK5
7 genes,0.000238111079700065,NLRX1 | RP11-203J24.8 | CTB-32O4.2 | RP11-46H11.12 | NAV2 | GS1-115G20.1 | AK5
7 genes,0.000663751921858857,NLRX1 | RP11-203J24.8 | CTB-32O4.2 | RP11-46H11.12 | AC131097.4 | GS1-115G20.1 | AK5
7 genes,0.000341470152329215,NLRX1 | RP11-203J24.8 | CTB-32O4.2 | NAV2 | AC131097.4 | GS1-115G20.1 | AK5
7 genes,0.00358359818051235,NLRX1 | RP11-203J24.8 | RP11-46H11.12 | NAV2 | AC131097.4 | GS1-115G20.1 | AK5
7 genes,0.000144398158174575,NLRX1 | CTB-32O4.2 | RP11-46H11.12 | NAV2 | AC131097.4 | GS1-115G20.1 | AK5
7 genes,0.00365838576430488,DSG1 | RP11-203J24.8 | CTB-32O4.2 | RP11-46H11.12 | NAV2 | AC131097.4 | GS1-115G20.1
7 genes,0.00229956224912498,DSG1 | RP11-203J24.8 | CTB-32O4.2 | RP11-46H11.12 | NAV2 | AC131097.4 | AK5
7 genes,0.00731233228061456,DSG1 | RP11-203J24.8 | CTB-32O4.2 | RP11-46H11.12 | NAV2 | GS1-115G20.1 | AK5
7 genes,0.00323450356017707,DSG1 | RP11-203J24.8 | CTB-32O4.2 | RP11-46H11.12 | AC131097.4 | GS1-115G20.1 | AK5
7 genes,0.0012874238048779,DSG1 | RP11-203J24.8 | CTB-32O4.2 | NAV2 | AC131097.4 | GS1-115G20.1 | AK5
7 genes,0.0379203816185743,DSG1 | RP11-203J24.8 | RP11-46H11.12 | NAV2 | AC131097.4 | GS1-115G20.1 | AK5
7 genes,0.00541729993245743,DSG1 | CTB-32O4.2 | RP11-46H11.12 | NAV2 | AC131097.4 | GS1-115G20.1 | AK5
7 genes,0.00106218161160454,RP11-203J24.8 | CTB-32O4.2 | RP11-46H11.12 | NAV2 | AC131097.4 | GS1-115G20.1 | AK5
8 genes,0.000809870005327396,RP11-483E7.1 | NLRX1 | DSG1 | RP11-203J24.8 | CTB-32O4.2 | RP11-46H11.12 | NAV2 | AC131097.4
8 genes,0.00493961842920942,RP11-483E7.1 | NLRX1 | DSG1 | RP11-203J24.8 | CTB-32O4.2 | RP11-46H11.12 | NAV2 | GS1-115G20.1
8 genes,0.000250761633253105,RP11-483E7.1 | NLRX1 | DSG1 | RP11-203J24.8 | CTB-32O4.2 | RP11-46H11.12 | NAV2 | AK5
8 genes,0.0108611729776109,RP11-483E7.1 | NLRX1 | DSG1 | RP11-203J24.8 | CTB-32O4.2 | RP11-46H11.12 | AC131097.4 | GS1-115G20.1
8 genes,0.00413493286662525,RP11-483E7.1 | NLRX1 | DSG1 | RP11-203J24.8 | CTB-32O4.2 | RP11-46H11.12 | AC131097.4 | AK5
8 genes,0.00165418196536282,RP11-483E7.1 | NLRX1 | DSG1 | RP11-203J24.8 | CTB-32O4.2 | RP11-46H11.12 | GS1-115G20.1 | AK5
8 genes,0.00059302470693845,RP11-483E7.1 | NLRX1 | DSG1 | RP11-203J24.8 | CTB-32O4.2 | NAV2 | AC131097.4 | GS1-115G20.1
8 genes,0.000700151585302344,RP11-483E7.1 | NLRX1 | DSG1 | RP11-203J24.8 | CTB-32O4.2 | NAV2 | AC131097.4 | AK5
8 genes,0.000728532978176433,RP11-483E7.1 | NLRX1 | DSG1 | RP11-203J24.8 | CTB-32O4.2 | NAV2 | GS1-115G20.1 | AK5
8 genes,0.00214777189295678,RP11-483E7.1 | NLRX1 | DSG1 | RP11-203J24.8 | CTB-32O4.2 | AC131097.4 | GS1-115G20.1 | AK5
8 genes,0.0715022182621979,RP11-483E7.1 | NLRX1 | DSG1 | RP11-203J24.8 | RP11-46H11.12 | NAV2 | AC131097.4 | GS1-115G20.1
8 genes,0.0310347427568712,RP11-483E7.1 | NLRX1 | DSG1 | RP11-203J24.8 | RP11-46H11.12 | NAV2 | AC131097.4 | AK5
8 genes,0.104345886460229,RP11-483E7.1 | NLRX1 | DSG1 | RP11-203J24.8 | RP11-46H11.12 | NAV2 | GS1-115G20.1 | AK5
8 genes,0.0606279213915829,RP11-483E7.1 | NLRX1 | DSG1 | RP11-203J24.8 | RP11-46H11.12 | AC131097.4 | GS1-115G20.1 | AK5
8 genes,0.100702076688019,RP11-483E7.1 | NLRX1 | DSG1 | RP11-203J24.8 | NAV2 | AC131097.4 | GS1-115G20.1 | AK5
8 genes,0.00166127233483959,RP11-483E7.1 | NLRX1 | DSG1 | CTB-32O4.2 | RP11-46H11.12 | NAV2 | AC131097.4 | GS1-115G20.1
8 genes,0.000689431071122404,RP11-483E7.1 | NLRX1 | DSG1 | CTB-32O4.2 | RP11-46H11.12 | NAV2 | AC131097.4 | AK5
8 genes,0.00125838918944576,RP11-483E7.1 | NLRX1 | DSG1 | CTB-32O4.2 | RP11-46H11.12 | NAV2 | GS1-115G20.1 | AK5
8 genes,0.00225780100246387,RP11-483E7.1 | NLRX1 | DSG1 | CTB-32O4.2 | RP11-46H11.12 | AC131097.4 | GS1-115G20.1 | AK5
8 genes,0.00164183554021191,RP11-483E7.1 | NLRX1 | DSG1 | CTB-32O4.2 | NAV2 | AC131097.4 | GS1-115G20.1 | AK5
8 genes,0.0104282225092004,RP11-483E7.1 | NLRX1 | DSG1 | RP11-46H11.12 | NAV2 | AC131097.4 | GS1-115G20.1 | AK5
8 genes,0.000628532856092656,RP11-483E7.1 | NLRX1 | RP11-203J24.8 | CTB-32O4.2 | RP11-46H11.12 | NAV2 | AC131097.4 | GS1-115G20.1
8 genes,0.0011911636304448,RP11-483E7.1 | NLRX1 | RP11-203J24.8 | CTB-32O4.2 | RP11-46H11.12 | NAV2 | AC131097.4 | AK5
8 genes,6.4203091541204e-05,RP11-483E7.1 | NLRX1 | RP11-203J24.8 | CTB-32O4.2 | RP11-46H11.12 | NAV2 | GS1-115G20.1 | AK5
8 genes,0.000594694864871959,RP11-483E7.1 | NLRX1 | RP11-203J24.8 | CTB-32O4.2 | RP11-46H11.12 | AC131097.4 | GS1-115G20.1 | AK5
8 genes,9.17622079601443e-05,RP11-483E7.1 | NLRX1 | RP11-203J24.8 | CTB-32O4.2 | NAV2 | AC131097.4 | GS1-115G20.1 | AK5
8 genes,0.00469892374733516,RP11-483E7.1 | NLRX1 | RP11-203J24.8 | RP11-46H11.12 | NAV2 | AC131097.4 | GS1-115G20.1 | AK5
8 genes,0.000419801714073853,RP11-483E7.1 | NLRX1 | CTB-32O4.2 | RP11-46H11.12 | NAV2 | AC131097.4 | GS1-115G20.1 | AK5
8 genes,0.00196902419642231,RP11-483E7.1 | DSG1 | RP11-203J24.8 | CTB-32O4.2 | RP11-46H11.12 | NAV2 | AC131097.4 | GS1-115G20.1
8 genes,0.000971519304487245,RP11-483E7.1 | DSG1 | RP11-203J24.8 | CTB-32O4.2 | RP11-46H11.12 | NAV2 | AC131097.4 | AK5
8 genes,0.00108076106784327,RP11-483E7.1 | DSG1 | RP11-203J24.8 | CTB-32O4.2 | RP11-46H11.12 | NAV2 | GS1-115G20.1 | AK5
8 genes,0.00324723420171924,RP11-483E7.1 | DSG1 | RP11-203J24.8 | CTB-32O4.2 | RP11-46H11.12 | AC131097.4 | GS1-115G20.1 | AK5
8 genes,0.000302804819512614,RP11-483E7.1 | DSG1 | RP11-203J24.8 | CTB-32O4.2 | NAV2 | AC131097.4 | GS1-115G20.1 | AK5
8 genes,0.036400086573847,RP11-483E7.1 | DSG1 | RP11-203J24.8 | RP11-46H11.12 | NAV2 | AC131097.4 | GS1-115G20.1 | AK5
8 genes,0.0011348725544652,RP11-483E7.1 | DSG1 | CTB-32O4.2 | RP11-46H11.12 | NAV2 | AC131097.4 | GS1-115G20.1 | AK5
8 genes,8.42498009404613e-05,RP11-483E7.1 | RP11-203J24.8 | CTB-32O4.2 | RP11-46H11.12 | NAV2 | AC131097.4 | GS1-115G20.1 | AK5
8 genes,0.0020581532378684,NLRX1 | DSG1 | RP11-203J24.8 | CTB-32O4.2 | RP11-46H11.12 | NAV2 | AC131097.4 | GS1-115G20.1
8 genes,0.000645969130394941,NLRX1 | DSG1 | RP11-203J24.8 | CTB-32O4.2 | RP11-46H11.12 | NAV2 | AC131097.4 | AK5
8 genes,0.00081935422773749,NLRX1 | DSG1 | RP11-203J24.8 | CTB-32O4.2 | RP11-46H11.12 | NAV2 | GS1-115G20.1 | AK5
8 genes,0.00454939059380888,NLRX1 | DSG1 | RP11-203J24.8 | CTB-32O4.2 | RP11-46H11.12 | AC131097.4 | GS1-115G20.1 | AK5
8 genes,0.000575075118758539,NLRX1 | DSG1 | RP11-203J24.8 | CTB-32O4.2 | NAV2 | AC131097.4 | GS1-115G20.1 | AK5
8 genes,0.0198507905567913,NLRX1 | DSG1 | RP11-203J24.8 | RP11-46H11.12 | NAV2 | AC131097.4 | GS1-115G20.1 | AK5
8 genes,0.000326739056764502,NLRX1 | DSG1 | CTB-32O4.2 | RP11-46H11.12 | NAV2 | AC131097.4 | GS1-115G20.1 | AK5
8 genes,0.000150021999745897,NLRX1 | RP11-203J24.8 | CTB-32O4.2 | RP11-46H11.12 | NAV2 | AC131097.4 | GS1-115G20.1 | AK5
8 genes,0.00229956224912498,DSG1 | RP11-203J24.8 | CTB-32O4.2 | RP11-46H11.12 | NAV2 | AC131097.4 | GS1-115G20.1 | AK5
9 genes,0.000544870863803837,RP11-483E7.1 | NLRX1 | DSG1 | RP11-203J24.8 | CTB-32O4.2 | RP11-46H11.12 | NAV2 | AC131097.4 | GS1-115G20.1
9 genes,0.00107353388742559,RP11-483E7.1 | NLRX1 | DSG1 | RP11-203J24.8 | CTB-32O4.2 | RP11-46H11.12 | NAV2 | AC131097.4 | AK5
9 genes,0.000441367115588731,RP11-483E7.1 | NLRX1 | DSG1 | RP11-203J24.8 | CTB-32O4.2 | RP11-46H11.12 | NAV2 | GS1-115G20.1 | AK5
9 genes,0.00828635191343818,RP11-483E7.1 | NLRX1 | DSG1 | RP11-203J24.8 | CTB-32O4.2 | RP11-46H11.12 | AC131097.4 | GS1-115G20.1 | AK5
9 genes,0.000700151585302344,RP11-483E7.1 | NLRX1 | DSG1 | RP11-203J24.8 | CTB-32O4.2 | NAV2 | AC131097.4 | GS1-115G20.1 | AK5
9 genes,0.0683314009530418,RP11-483E7.1 | NLRX1 | DSG1 | RP11-203J24.8 | RP11-46H11.12 | NAV2 | AC131097.4 | GS1-115G20.1 | AK5
9 genes,0.000689431071122404,RP11-483E7.1 | NLRX1 | DSG1 | CTB-32O4.2 | RP11-46H11.12 | NAV2 | AC131097.4 | GS1-115G20.1 | AK5
9 genes,0.000144455902171714,RP11-483E7.1 | NLRX1 | RP11-203J24.8 | CTB-32O4.2 | RP11-46H11.12 | NAV2 | AC131097.4 | GS1-115G20.1 | AK5
9 genes,0.00128321944550269,RP11-483E7.1 | DSG1 | RP11-203J24.8 | CTB-32O4.2 | RP11-46H11.12 | NAV2 | AC131097.4 | GS1-115G20.1 | AK5
9 genes,0.000645969130394941,NLRX1 | DSG1 | RP11-203J24.8 | CTB-32O4.2 | RP11-46H11.12 | NAV2 | AC131097.4 | GS1-115G20.1 | AK5
10 genes,0.000370165733265981,RP11-483E7.1 | NLRX1 | DSG1 | RP11-203J24.8 | CTB-32O4.2 | RP11-46H11.12 | NAV2 | AC131097.4 | GS1-115G20.1 | AK5
